company_id,price,volume,pe_ratio,revenue,profit,employees,profit_margin,rev_per_employee,valuation_status,company_size
1,1935.25,3397291,29.75,4229.18,18748.47,49278,443.31,0.0858,Fair Value,Small
2,4758.5,3902429,22.49,6712.59,6304.86,138109,93.93,0.0486,Fair Value,Large
3,3686.77,4994287,12.37,44992.17,5070.47,122052,11.27,0.3686,Undervalued,Large
4,3033.43,2590706,17.32,28279.25,13117.79,39986,46.39,0.7072,Fair Value,Small
5,864.49,1291902,46.77,62581.92,12422.86,49799,19.85,1.2567,Overvalued,Small
6,864.37,2592118,35.42,99251.79,6708.98,76496,6.76,1.2975,Overvalued,Medium
7,384.61,3837973,27.32,39245.99,18569.23,90778,47.31,0.4323,Fair Value,Medium
8,4344.26,2302575,5.57,57810.28,16912.76,25379,29.26,2.2779,Undervalued,Small
9,3045.46,564071,49.66,42144.79,4557.25,169278,10.81,0.249,Overvalued,Enterprise
10,3569.56,4481137,35.22,84879.9,4858.94,110876,5.72,0.7655,Overvalued,Large
11,200.86,875435,19.26,90321.4,10294.78,101544,11.4,0.8895,Fair Value,Large
12,4852.56,2274606,44.57,87858.21,15494.08,106400,17.64,0.8257,Overvalued,Large
13,4178.97,3598472,16.63,97462.85,976.4,113893,1.0,0.8557,Fair Value,Large
14,1140.46,3106316,29.48,3724.4,13897.37,116378,373.14,0.032,Fair Value,Large
15,990.94,1664718,33.62,84141.8,12999.89,171716,15.45,0.49,Overvalued,Enterprise
16,998.68,2234793,14.95,75425.45,4706.45,103347,6.24,0.7298,Undervalued,Large
17,1590.79,1702575,49.03,23640.75,13658.92,9097,57.78,2.5987,Overvalued,Small
18,2671.31,3913270,38.67,95675.69,18809.65,106202,19.66,0.9009,Overvalued,Large
19,2216.53,4906425,30.1,15669.61,1031.04,85811,6.58,0.1826,Overvalued,Medium
20,1527.02,2478837,13.13,68275.44,6461.08,116145,9.46,0.5878,Undervalued,Large
21,3098.08,1624102,7.42,23264.13,8819.72,40960,37.91,0.568,Undervalued,Small
22,783.52,3290541,19.4,43706.68,17995.28,3325,41.17,13.1449,Fair Value,Small
23,1531.51,764180,38.89,72196.83,19249.0,110214,26.66,0.6551,Overvalued,Large
24,1895.17,2483366,17.12,56769.14,8937.89,190642,15.74,0.2978,Fair Value,Enterprise
25,2334.74,2135848,29.28,43322.68,15025.57,113318,34.68,0.3823,Fair Value,Large
26,3947.36,2539855,37.76,33307.5,10680.05,100864,32.07,0.3302,Overvalued,Large
27,1078.4,304615,9.86,84126.31,10801.88,107141,12.84,0.7852,Undervalued,Large
28,2619.75,1625233,35.84,15237.62,5634.18,112324,36.98,0.1357,Overvalued,Large
29,3002.83,3996022,9.13,43580.18,4417.43,63756,10.14,0.6835,Undervalued,Medium
30,327.61,1903740,48.43,90472.0,5831.31,183052,6.45,0.4942,Overvalued,Enterprise
31,3076.97,4068222,26.98,84739.11,11170.93,192250,13.18,0.4408,Fair Value,Enterprise
32,935.57,3168893,11.78,40693.23,680.19,76390,1.67,0.5327,Undervalued,Medium
33,418.75,938003,20.41,76547.73,18154.25,56733,23.72,1.3493,Fair Value,Medium
34,4749.54,3533382,23.6,82492.92,3210.05,26755,3.89,3.0833,Fair Value,Small
35,4831.6,381570,39.12,88999.85,4479.76,121218,5.03,0.7342,Overvalued,Large
36,4061.15,3282993,38.45,54906.07,10413.7,174773,18.97,0.3142,Overvalued,Enterprise
37,1592.61,4181082,32.54,21241.63,14231.28,3214,67.0,6.6091,Overvalued,Small
38,578.59,3495049,9.77,26275.6,2005.01,26602,7.63,0.9877,Undervalued,Small
39,3452.74,166150,11.82,30273.77,6422.12,49868,21.21,0.6071,Undervalued,Small
40,2256.75,2534206,9.22,59786.45,19376.62,48228,32.41,1.2397,Undervalued,Small
41,697.99,659723,30.97,4248.15,5320.63,151200,125.25,0.0281,Overvalued,Enterprise
42,2526.37,2647500,44.47,63968.2,6329.7,186737,9.9,0.3426,Overvalued,Enterprise
43,268.5,3455745,24.52,37071.07,16746.32,83223,45.17,0.4454,Fair Value,Medium
44,4555.67,1099554,12.24,30228.94,1099.27,108355,3.64,0.279,Undervalued,Large
45,1368.02,4293060,30.11,88070.16,9345.8,166505,10.61,0.5289,Overvalued,Enterprise
46,3346.36,4258634,41.53,46540.24,7654.37,3274,16.45,14.2151,Overvalued,Small
47,1627.38,234055,38.38,10410.25,6400.08,117869,61.48,0.0883,Overvalued,Large
48,2648.33,776022,44.67,82847.93,5785.42,35498,6.98,2.3339,Overvalued,Small
49,2778.88,909942,17.51,5716.48,1918.34,167101,33.56,0.0342,Fair Value,Enterprise
50,1005.79,3979275,13.73,72948.17,6365.03,135493,8.73,0.5384,Undervalued,Large
51,4850.96,796358,44.59,77616.72,956.74,123649,1.23,0.6277,Overvalued,Large
52,3898.15,3695790,34.59,35907.66,15641.18,186593,43.56,0.1924,Overvalued,Enterprise
53,4703.54,1941648,18.99,82654.0,8024.73,72735,9.71,1.1364,Fair Value,Medium
54,4484.65,1788472,38.41,52050.28,8933.69,23860,17.16,2.1815,Overvalued,Small
55,3029.71,3928433,41.68,46866.07,17882.53,142532,38.16,0.3288,Overvalued,Large
56,4617.18,2835264,32.67,5494.92,13195.29,141485,240.14,0.0388,Overvalued,Large
57,533.61,4548748,35.95,29712.89,260.38,130774,0.88,0.2272,Overvalued,Large
58,1060.32,2800713,21.89,93169.99,18869.18,136973,20.25,0.6802,Fair Value,Large
59,321.61,2408989,29.24,39790.57,4819.17,14230,12.11,2.7962,Fair Value,Small
60,1694.12,4237270,28.59,55123.35,2241.52,145443,4.07,0.379,Fair Value,Large
61,2004.52,4417922,43.16,53670.15,15385.75,147247,28.67,0.3645,Overvalued,Large
62,1429.61,4215625,42.8,59452.68,10059.5,107315,16.92,0.554,Overvalued,Large
63,4160.81,559297,42.47,7071.76,8732.03,150156,123.48,0.0471,Overvalued,Enterprise
64,1848.09,1120154,5.5,36855.45,5065.11,88195,13.74,0.4179,Undervalued,Medium
65,1476.58,4177151,38.73,72589.7,10994.68,61042,15.15,1.1892,Overvalued,Medium
66,2759.21,4834963,39.14,20855.46,5560.25,144033,26.66,0.1448,Overvalued,Large
67,790.53,2903696,35.53,21154.26,18041.5,99070,85.29,0.2135,Overvalued,Medium
68,4030.77,2193373,39.03,1998.97,4382.57,82303,219.24,0.0243,Overvalued,Medium
69,465.3,2472280,42.89,44310.71,17698.67,192419,39.94,0.2303,Overvalued,Enterprise
70,4935.75,3016623,26.16,88390.7,11232.17,152149,12.71,0.5809,Fair Value,Enterprise
71,3884.0,2806871,27.59,6138.19,16586.91,181789,270.22,0.0338,Fair Value,Enterprise
72,1073.71,970123,10.61,19920.75,14285.64,188645,71.71,0.1056,Undervalued,Enterprise
73,127.06,3086249,22.34,31698.37,13964.23,88277,44.05,0.3591,Fair Value,Medium
74,4095.76,1959582,33.95,73440.75,6554.48,73002,8.92,1.006,Overvalued,Medium
75,3563.6,4544499,40.12,64422.92,4754.55,92272,7.38,0.6982,Overvalued,Medium
76,3672.14,2229885,14.77,42178.45,4296.64,146802,10.19,0.2873,Undervalued,Large
77,3879.22,4820642,11.2,76147.82,17158.11,20156,22.53,3.7779,Undervalued,Small
78,462.82,2307148,34.84,61353.47,16426.49,138554,26.77,0.4428,Overvalued,Large
79,1856.48,4852525,5.08,89708.04,8867.41,55839,9.88,1.6065,Undervalued,Medium
80,667.76,649239,13.03,81984.65,2734.85,81785,3.34,1.0024,Undervalued,Medium
81,4329.21,656701,6.31,26028.55,7706.82,48739,29.61,0.534,Undervalued,Small
82,3154.16,3147569,12.51,27872.42,12424.93,191010,44.58,0.1459,Undervalued,Enterprise
83,1721.4,4728120,13.16,13410.29,9142.62,177213,68.18,0.0757,Undervalued,Enterprise
84,411.44,1370464,22.45,34359.51,15625.77,1092,45.48,31.4648,Fair Value,Small
85,1623.81,885332,23.1,99954.85,19952.69,72494,19.96,1.3788,Fair Value,Medium
86,1693.4,867950,44.34,41169.37,3903.53,67757,9.48,0.6076,Overvalued,Medium
87,3675.07,266472,27.95,22828.36,9247.05,27260,40.51,0.8374,Fair Value,Small
88,3224.03,497710,37.55,76485.81,8676.58,45256,11.34,1.6901,Overvalued,Small
89,4447.34,4417048,9.69,54704.63,6159.4,182547,11.26,0.2997,Undervalued,Enterprise
90,2413.85,3288729,15.14,15810.54,4042.1,86542,25.57,0.1827,Fair Value,Medium
91,686.01,4885956,36.63,38688.28,1407.27,150744,3.64,0.2566,Overvalued,Enterprise
92,3594.9,2950171,7.38,42032.5,17753.67,118025,42.24,0.3561,Undervalued,Large
93,3827.85,1010775,26.9,75629.14,8454.99,4236,11.18,17.8539,Fair Value,Small
94,2850.26,2696874,31.97,3046.47,9988.22,61968,327.86,0.0492,Overvalued,Medium
95,3877.74,658924,32.1,27632.95,18347.15,82363,66.4,0.3355,Overvalued,Medium
96,2519.6,3981185,6.03,52242.03,15548.18,32267,29.76,1.6191,Undervalued,Small
97,2661.39,4473656,19.49,27615.83,2696.98,111057,9.77,0.2487,Fair Value,Large
98,2194.95,4112595,33.64,63214.97,11351.86,15579,17.96,4.0577,Overvalued,Small
99,224.55,2390435,11.7,48704.88,8900.82,119492,18.28,0.4076,Undervalued,Large
100,628.67,531413,36.29,36809.32,15964.5,162548,43.37,0.2265,Overvalued,Enterprise
101,254.0,1452564,38.57,94971.65,14512.23,135995,15.28,0.6983,Overvalued,Large
102,3218.41,2524050,49.19,63583.79,13839.07,19685,21.77,3.2301,Overvalued,Small
103,1640.34,4265100,14.44,13864.2,6876.84,148444,49.6,0.0934,Undervalued,Large
104,2592.0,963561,42.13,56449.08,16118.78,26719,28.55,2.1127,Overvalued,Small
105,4547.08,402186,28.41,78292.45,1142.59,75169,1.46,1.0416,Fair Value,Medium
106,1321.53,3307393,21.81,71140.48,3276.54,39995,4.61,1.7787,Fair Value,Small
107,2110.88,3928464,10.51,18036.83,6778.9,3820,37.58,4.7217,Undervalued,Small
108,3802.2,1126553,38.1,97269.58,1628.47,19367,1.67,5.0224,Overvalued,Small
109,1221.11,1335202,15.61,45432.55,4776.39,146868,10.51,0.3093,Fair Value,Large
110,477.2,245271,21.71,16743.48,16620.0,161140,99.26,0.1039,Fair Value,Enterprise
111,1519.78,2315685,7.81,18839.38,18970.21,53464,100.69,0.3524,Undervalued,Medium
112,889.98,3843797,41.06,10725.26,6161.59,154517,57.45,0.0694,Overvalued,Enterprise
113,4655.52,1614542,39.5,80548.29,5363.86,51667,6.66,1.559,Overvalued,Medium
114,4059.79,4280656,38.01,13081.02,5669.86,91329,43.34,0.1432,Overvalued,Medium
115,3203.68,3030184,18.47,13387.4,5626.61,192779,42.03,0.0694,Fair Value,Enterprise
116,4370.16,176898,12.81,85196.69,815.01,150557,0.96,0.5659,Undervalued,Enterprise
117,4037.99,3395097,33.69,35115.8,18545.64,198072,52.81,0.1773,Overvalued,Enterprise
118,1014.19,388316,27.33,4054.93,4352.59,199416,107.34,0.0203,Fair Value,Enterprise
119,4473.54,2108954,13.02,6137.63,8458.08,196597,137.81,0.0312,Undervalued,Enterprise
120,2742.78,1929553,35.87,15074.87,292.77,78618,1.94,0.1917,Overvalued,Medium
121,4056.46,4188657,49.6,22125.94,17173.31,82944,77.62,0.2668,Overvalued,Medium
122,4490.85,3141341,38.62,66849.47,14650.03,164091,21.91,0.4074,Overvalued,Enterprise
123,1658.22,1139504,38.3,16575.3,18940.45,90797,114.27,0.1826,Overvalued,Medium
124,639.25,4187810,47.76,12768.56,15654.15,57296,122.6,0.2229,Overvalued,Medium
125,1216.88,2205058,14.13,76707.2,6342.76,115700,8.27,0.663,Undervalued,Large
126,2192.83,1775843,30.45,67434.47,5032.68,100725,7.46,0.6695,Overvalued,Large
127,4108.27,134701,49.08,44097.1,13984.55,131667,31.71,0.3349,Overvalued,Large
128,4317.58,3329028,12.44,55381.67,7345.84,44855,13.26,1.2347,Undervalued,Small
129,134.07,1821610,36.51,31886.42,11367.68,198856,35.65,0.1603,Overvalued,Enterprise
130,2602.66,2280712,31.36,48767.54,224.52,33424,0.46,1.4591,Overvalued,Small
131,2145.31,2439767,31.39,51160.59,1331.53,79029,2.6,0.6474,Overvalued,Medium
132,1188.33,2714235,36.4,39336.49,10753.82,132724,27.34,0.2964,Overvalued,Large
133,687.34,591036,46.83,90750.65,11364.83,51372,12.52,1.7665,Overvalued,Medium
134,1754.31,427304,40.22,2590.12,15053.91,167025,581.21,0.0155,Overvalued,Enterprise
135,4720.26,2562616,7.53,78434.96,2726.11,164096,3.48,0.478,Undervalued,Enterprise
136,1683.69,2810241,43.37,13313.9,10312.34,74562,77.46,0.1786,Overvalued,Medium
137,2642.07,3533803,15.15,79957.19,3969.51,155061,4.96,0.5156,Fair Value,Enterprise
138,3544.79,1242953,21.96,61975.28,1954.6,54775,3.15,1.1315,Fair Value,Medium
139,1881.79,4061352,25.78,84484.53,8268.87,73691,9.79,1.1465,Fair Value,Medium
140,4861.73,4078702,26.64,10653.92,3350.4,153806,31.45,0.0693,Fair Value,Enterprise
141,4815.99,4159175,24.58,56339.08,4513.46,32463,8.01,1.7355,Fair Value,Small
142,1333.73,426916,47.18,50607.7,6419.34,194924,12.68,0.2596,Overvalued,Enterprise
143,2536.52,3697706,36.77,70913.13,5261.83,77104,7.42,0.9197,Overvalued,Medium
144,1574.3,4606554,33.4,53894.76,1843.07,187570,3.42,0.2873,Overvalued,Enterprise
145,1495.72,705409,7.24,54532.72,1889.33,40818,3.46,1.336,Undervalued,Small
146,280.75,1174135,45.68,43530.0,3945.66,113727,9.06,0.3828,Overvalued,Large
147,3086.87,3089179,45.92,31574.61,1106.13,26970,3.5,1.1707,Overvalued,Small
148,2563.13,1825690,40.11,48744.17,12566.49,37494,25.78,1.3001,Overvalued,Small
149,352.25,3380772,5.32,12730.74,5817.8,52157,45.7,0.2441,Undervalued,Medium
150,1465.37,4257893,7.58,96189.82,5666.94,79895,5.89,1.204,Undervalued,Medium
151,4550.5,503119,15.14,71726.67,6706.77,80509,9.35,0.8909,Fair Value,Medium
152,1273.85,4266769,10.91,95294.24,13289.65,13116,13.95,7.2655,Undervalued,Small
153,809.98,4420295,22.95,23446.01,17425.61,42237,74.32,0.5551,Fair Value,Small
154,2498.32,502732,46.52,88054.76,15205.83,131325,17.27,0.6705,Overvalued,Large
155,4929.69,606079,26.24,81070.21,14577.83,139025,17.98,0.5831,Fair Value,Large
156,1286.07,2050013,5.6,68038.09,9739.38,12479,14.31,5.4522,Undervalued,Small
157,3393.46,2723836,17.72,62877.89,13906.73,146964,22.12,0.4278,Fair Value,Large
158,3831.94,1232658,7.01,32338.42,11099.97,121269,34.32,0.2667,Undervalued,Large
159,1264.42,2085209,6.63,81824.67,4403.39,169539,5.38,0.4826,Undervalued,Enterprise
160,3668.26,4422626,17.41,50650.03,4250.91,149272,8.39,0.3393,Fair Value,Large
161,1902.14,756951,17.4,8018.27,5998.2,126182,74.81,0.0635,Fair Value,Large
162,3198.3,111303,40.42,31973.45,18224.97,113189,57.0,0.2825,Overvalued,Large
163,3204.3,1310209,48.87,93594.41,10993.56,194628,11.75,0.4809,Overvalued,Enterprise
164,2725.3,3579591,21.7,85217.35,14704.72,11149,17.26,7.6435,Fair Value,Small
165,542.42,2466610,24.3,98208.66,6996.52,131958,7.12,0.7442,Fair Value,Large
166,4192.98,4280303,43.02,63171.34,8213.54,161871,13.0,0.3903,Overvalued,Enterprise
167,1671.82,1168199,17.07,25503.5,2598.76,122884,10.19,0.2075,Fair Value,Large
168,1013.94,4276224,12.04,17118.69,3508.77,47791,20.5,0.3582,Undervalued,Small
169,299.8,4784346,43.39,19504.53,16564.4,168212,84.93,0.116,Overvalued,Enterprise
170,2995.38,558298,7.09,2959.77,11738.29,58086,396.59,0.051,Undervalued,Medium
171,3420.07,1147343,32.89,39677.53,6816.9,169934,17.18,0.2335,Overvalued,Enterprise
172,181.28,205228,30.29,19951.34,16076.74,154772,80.58,0.1289,Overvalued,Enterprise
173,2609.26,4720650,20.57,41753.89,5005.75,94874,11.99,0.4401,Fair Value,Medium
174,1209.83,1855692,19.18,93564.45,19523.05,150982,20.87,0.6197,Fair Value,Enterprise
175,3261.35,984056,39.73,43623.48,6961.87,105415,15.96,0.4138,Overvalued,Large
176,954.4,1830228,8.89,87920.47,6812.49,57304,7.75,1.5343,Undervalued,Medium
177,3485.59,2046793,15.66,60944.97,6307.05,20185,10.35,3.0193,Fair Value,Small
178,1995.0,1669123,37.96,25466.02,2530.02,178026,9.93,0.143,Overvalued,Enterprise
179,4689.98,3379269,29.67,36229.62,2311.63,170951,6.38,0.2119,Fair Value,Enterprise
180,773.85,1826470,10.76,9308.03,12997.29,187379,139.64,0.0497,Undervalued,Enterprise
181,1771.23,3440420,44.7,34012.8,17514.85,34080,51.49,0.998,Overvalued,Small
182,656.02,148874,22.71,68076.55,15831.36,56217,23.26,1.211,Fair Value,Medium
183,4631.0,1722572,42.25,8139.0,2908.04,145313,35.73,0.056,Overvalued,Large
184,4398.96,3320281,40.45,21334.74,10957.08,140516,51.36,0.1518,Overvalued,Large
185,1363.91,2789784,33.1,38762.66,2201.27,15996,5.68,2.4233,Overvalued,Small
186,3333.92,809662,27.25,98222.9,1001.36,89453,1.02,1.098,Fair Value,Medium
187,4104.39,4972554,49.08,78701.32,13162.08,29913,16.72,2.631,Overvalued,Small
188,2820.48,570452,11.52,73615.19,10749.53,65779,14.6,1.1191,Undervalued,Medium
189,2695.29,2239686,37.63,12502.9,1732.27,141853,13.85,0.0881,Overvalued,Large
190,1285.08,2692670,13.6,78318.59,795.29,3328,1.02,23.5332,Undervalued,Small
191,556.2,4910833,20.22,78741.61,19796.15,135754,25.14,0.58,Fair Value,Large
192,4496.36,542061,18.89,60509.17,697.42,11497,1.15,5.263,Fair Value,Small
193,4512.05,3434732,47.62,99045.82,8946.11,169971,9.03,0.5827,Overvalued,Enterprise
194,3202.2,3861675,48.53,33200.14,10141.92,37111,30.55,0.8946,Overvalued,Small
195,1761.25,2361286,13.24,94185.97,2433.87,79283,2.58,1.188,Undervalued,Medium
196,1811.13,588972,5.99,91558.38,3464.33,93354,3.78,0.9808,Undervalued,Medium
197,3657.18,1223994,37.4,2136.59,7100.92,175436,332.35,0.0122,Overvalued,Enterprise
198,4495.84,3181328,23.81,45561.54,15257.35,42417,33.49,1.0741,Fair Value,Small
199,4446.72,4198064,9.0,97733.32,10190.94,179086,10.43,0.5457,Undervalued,Enterprise
200,3921.39,2717703,35.77,11209.01,12794.25,102589,114.14,0.1093,Overvalued,Large
201,3245.96,263038,29.53,55230.68,19704.97,176426,35.68,0.3131,Fair Value,Enterprise
202,512.29,4063735,49.12,97916.79,15383.31,40196,15.71,2.436,Overvalued,Small
203,891.98,1474572,15.23,55994.05,8743.79,53885,15.62,1.0391,Fair Value,Medium
204,4502.92,2455874,23.18,19791.71,8984.19,52444,45.39,0.3774,Fair Value,Medium
205,3071.5,700530,29.41,58636.14,12413.56,120482,21.17,0.4867,Fair Value,Large
206,145.07,3748966,40.63,21239.62,13340.77,199718,62.81,0.1063,Overvalued,Enterprise
207,597.21,1177833,29.7,52450.72,10064.15,196775,19.19,0.2666,Fair Value,Enterprise
208,3351.16,2677640,32.58,8330.18,12932.74,159584,155.25,0.0522,Overvalued,Enterprise
209,124.8,535423,15.18,60942.78,568.3,110589,0.93,0.5511,Fair Value,Large
210,887.96,1292929,43.11,52162.2,8649.49,182830,16.58,0.2853,Overvalued,Enterprise
211,2788.8,423390,24.29,74275.98,5650.87,180721,7.61,0.411,Fair Value,Enterprise
212,3490.29,1764221,11.34,63439.35,2670.57,11649,4.21,5.4459,Undervalued,Small
213,3294.61,4168316,34.89,55411.02,2080.98,25839,3.76,2.1445,Overvalued,Small
214,1198.92,1756671,14.72,69288.11,12103.52,21309,17.47,3.2516,Undervalued,Small
215,3589.68,238563,9.39,15250.25,10519.65,107151,68.98,0.1423,Undervalued,Large
216,1262.52,883066,43.79,59940.61,5146.32,15216,8.59,3.9393,Overvalued,Small
217,1694.46,1654623,25.71,18038.95,9471.91,20145,52.51,0.8955,Fair Value,Small
218,3757.81,4999856,38.72,92626.7,9895.42,157499,10.68,0.5881,Overvalued,Enterprise
219,3283.2,4155957,18.08,7765.08,3980.68,35809,51.26,0.2168,Fair Value,Small
220,4261.19,697897,40.41,43607.1,13076.65,43717,29.99,0.9975,Overvalued,Small
221,3322.3,4041237,10.04,69883.95,15640.3,191311,22.38,0.3653,Undervalued,Enterprise
222,2884.71,872800,21.02,46344.2,15850.12,158077,34.2,0.2932,Fair Value,Enterprise
223,559.01,2142999,49.01,10117.43,12089.15,195320,119.49,0.0518,Overvalued,Enterprise
224,1901.81,3622554,40.73,55784.52,10281.61,119879,18.43,0.4653,Overvalued,Large
225,1399.49,3759985,27.38,64521.56,1314.04,43019,2.04,1.4998,Fair Value,Small
226,1295.55,2002897,20.29,70675.44,5827.84,83621,8.25,0.8452,Fair Value,Medium
227,4867.75,3676511,44.25,37952.72,1956.1,189618,5.15,0.2002,Overvalued,Enterprise
228,2026.18,1263950,29.52,56802.34,19280.08,183600,33.94,0.3094,Fair Value,Enterprise
229,4471.03,649148,39.13,45617.96,2788.09,179066,6.11,0.2548,Overvalued,Enterprise
230,3192.58,2873707,38.93,67533.55,3120.33,6547,4.62,10.3152,Overvalued,Small
231,3994.58,4778394,5.81,58772.14,17802.57,5599,30.29,10.4969,Undervalued,Small
232,2562.92,2873939,10.68,53049.87,18884.17,39141,35.6,1.3554,Undervalued,Small
233,2926.83,2035740,34.68,25702.91,15340.0,31415,59.68,0.8182,Overvalued,Small
234,2513.34,3534955,12.27,1199.83,207.56,132471,17.3,0.0091,Undervalued,Large
235,1056.69,2845226,16.5,18234.09,126.79,120606,0.7,0.1512,Fair Value,Large
236,3640.02,3277326,47.6,12589.54,7624.21,136166,60.56,0.0925,Overvalued,Large
237,1475.78,1654510,30.21,45459.39,2953.57,138661,6.5,0.3278,Overvalued,Large
238,219.15,1930815,38.78,61613.56,465.88,91747,0.76,0.6716,Overvalued,Medium
239,3262.81,3863122,30.11,22095.42,9334.93,32455,42.25,0.6808,Overvalued,Small
240,967.84,2486378,29.86,93966.65,18866.93,73905,20.08,1.2715,Fair Value,Medium
241,4708.25,4521590,9.24,1661.53,6544.01,68467,393.85,0.0243,Undervalued,Medium
242,4774.25,2634937,20.46,77457.8,13256.7,110006,17.11,0.7041,Fair Value,Large
243,4582.84,3257473,17.71,62895.27,13079.48,117509,20.8,0.5352,Fair Value,Large
244,1913.78,912461,22.58,37981.93,5096.49,77455,13.42,0.4904,Fair Value,Medium
245,175.74,4527036,40.93,5998.41,13043.46,116320,217.45,0.0516,Overvalued,Large
246,4648.76,4155555,21.74,63121.17,4325.45,87273,6.85,0.7233,Fair Value,Medium
247,2198.1,1818224,25.33,39175.74,2527.95,2096,6.45,18.6907,Fair Value,Small
248,4836.61,2810626,22.88,93690.45,14057.53,44487,15.0,2.106,Fair Value,Small
249,4821.74,1024044,9.2,54657.02,2357.47,3189,4.31,17.1392,Undervalued,Small
250,4279.75,3081352,24.85,94025.5,19938.49,98927,21.21,0.9505,Fair Value,Medium
251,1542.8,1486652,13.8,22827.89,3750.7,20759,16.43,1.0997,Undervalued,Small
252,1986.98,385555,13.4,72846.87,11923.42,45278,16.37,1.6089,Undervalued,Small
253,4270.57,544191,9.23,62107.65,8286.35,96065,13.34,0.6465,Undervalued,Medium
254,1652.92,1602337,21.05,74201.41,2615.09,81368,3.52,0.9119,Fair Value,Medium
255,930.51,3586669,39.09,22252.12,654.09,85142,2.94,0.2614,Overvalued,Medium
256,2828.33,1020597,17.44,66834.46,12492.37,106571,18.69,0.6271,Fair Value,Large
257,4687.16,2143338,19.06,50306.0,16154.48,70211,32.11,0.7165,Fair Value,Medium
258,3510.55,3822946,33.92,74539.67,16856.11,165737,22.61,0.4497,Overvalued,Enterprise
259,2893.3,1586205,13.81,33377.42,9706.0,100535,29.08,0.332,Undervalued,Large
260,576.16,2965899,45.36,89115.65,15571.36,89342,17.47,0.9975,Overvalued,Medium
261,3113.54,324695,28.41,9345.83,13489.66,113304,144.34,0.0825,Fair Value,Large
262,4951.26,3081467,25.14,80911.74,14512.67,154056,17.94,0.5252,Fair Value,Enterprise
263,786.41,3541628,30.1,86270.64,9902.72,17299,11.48,4.987,Overvalued,Small
264,2639.82,1201844,12.47,81907.98,12704.89,60138,15.51,1.362,Undervalued,Medium
265,4399.13,4867493,32.61,51759.91,16129.97,57886,31.16,0.8942,Overvalued,Medium
266,3729.77,1510706,21.34,44400.11,8017.9,109736,18.06,0.4046,Fair Value,Large
267,3515.38,3440216,45.37,99629.97,16138.98,49394,16.2,2.017,Overvalued,Small
268,3542.17,3933284,12.6,23688.02,11881.14,165350,50.16,0.1433,Undervalued,Enterprise
269,1861.51,4957088,27.82,55140.72,3401.43,143837,6.17,0.3834,Fair Value,Large
270,1538.6,1947865,31.92,67396.88,591.21,634,0.88,106.3042,Overvalued,Small
271,4065.87,1019484,6.5,70385.9,7318.8,91928,10.4,0.7657,Undervalued,Medium
272,4069.56,4997954,21.37,21198.44,10979.26,36232,51.79,0.5851,Fair Value,Small
273,4348.65,4117136,37.97,65745.42,16812.43,115820,25.57,0.5677,Overvalued,Large
274,4574.88,444855,41.92,82018.59,2636.97,36210,3.22,2.2651,Overvalued,Small
275,2605.58,1174961,19.09,5951.84,16024.11,189926,269.23,0.0313,Fair Value,Enterprise
276,2557.43,4725678,40.94,91240.61,17273.88,63680,18.93,1.4328,Overvalued,Medium
277,4011.65,3661963,48.55,3920.9,3098.68,153641,79.03,0.0255,Overvalued,Enterprise
278,3284.82,2477935,43.56,36241.13,17046.73,64116,47.04,0.5652,Overvalued,Medium
279,3539.64,1234106,10.29,2565.51,19829.93,46333,772.94,0.0554,Undervalued,Small
280,3999.38,4578011,38.29,8637.37,14564.09,129963,168.62,0.0665,Overvalued,Large
281,4461.03,2574968,19.39,91205.66,15716.92,197880,17.23,0.4609,Fair Value,Enterprise
282,1756.18,2542266,49.48,36131.22,19888.86,189404,55.05,0.1908,Overvalued,Enterprise
283,1940.36,4537677,26.84,43052.38,12149.08,106411,28.22,0.4046,Fair Value,Large
284,560.51,4642001,10.51,22319.09,6226.94,34509,27.9,0.6468,Undervalued,Small
285,2933.57,1318758,37.63,60112.48,16766.86,150496,27.89,0.3994,Overvalued,Enterprise
286,276.12,1755743,19.54,59885.52,12328.27,139910,20.59,0.428,Fair Value,Large
287,2381.43,4077019,49.87,37847.84,11665.79,24154,30.82,1.5669,Overvalued,Small
288,2758.96,3168281,49.09,33970.45,5147.35,29809,15.15,1.1396,Overvalued,Small
289,1504.05,4625208,34.53,88611.47,15151.05,109421,17.1,0.8098,Overvalued,Large
290,2995.08,618349,10.84,38945.14,1725.18,463,4.43,84.1148,Undervalued,Small
291,249.45,2981990,35.91,49856.6,18493.31,10458,37.09,4.7673,Overvalued,Small
292,283.01,897968,9.19,29047.17,6583.89,134412,22.67,0.2161,Undervalued,Large
293,4130.74,179083,6.32,78890.18,2642.72,45789,3.35,1.7229,Undervalued,Small
294,1864.93,2755971,42.03,40347.37,8903.09,2036,22.07,19.817,Overvalued,Small
295,722.6,4097615,14.44,51847.49,945.15,112372,1.82,0.4614,Undervalued,Large
296,2658.99,2974299,22.06,26082.36,13724.06,91174,52.62,0.2861,Fair Value,Medium
297,3872.97,4948341,48.81,98778.3,18063.84,175137,18.29,0.564,Overvalued,Enterprise
298,1157.52,1904673,20.16,29858.08,16761.53,982,56.14,30.4054,Fair Value,Small
299,3152.16,3038199,18.34,77303.51,2634.65,151396,3.41,0.5106,Fair Value,Enterprise
300,518.2,709996,46.32,43322.07,2612.8,105327,6.03,0.4113,Overvalued,Large
301,353.24,878513,9.98,21415.52,16287.35,125965,76.05,0.17,Undervalued,Large
302,2703.64,3403389,39.18,80172.16,18492.66,123845,23.07,0.6474,Overvalued,Large
303,2749.11,4454385,49.46,34027.07,9267.33,161997,27.24,0.21,Overvalued,Enterprise
304,3223.41,488590,45.56,86654.14,10029.53,28985,11.57,2.9896,Overvalued,Small
305,3657.85,1865982,34.33,91610.46,6433.41,171228,7.02,0.535,Overvalued,Enterprise
306,4881.68,2878655,19.13,86122.56,17895.88,134375,20.78,0.6409,Fair Value,Large
307,2629.87,3251882,16.44,4465.78,12933.57,191413,289.62,0.0233,Fair Value,Enterprise
308,1682.49,3310016,41.87,78949.96,5836.21,133416,7.39,0.5918,Overvalued,Large
309,3996.41,2479877,44.59,41722.61,6045.78,98422,14.49,0.4239,Overvalued,Medium
310,1427.08,2489383,28.64,87498.57,17834.88,68719,20.38,1.2733,Fair Value,Medium
311,2250.96,264053,16.0,64157.47,371.32,21684,0.58,2.9587,Fair Value,Small
312,484.44,4887890,10.08,83530.67,6522.26,8621,7.81,9.6892,Undervalued,Small
313,224.22,1536536,8.92,50443.75,11131.7,181189,22.07,0.2784,Undervalued,Enterprise
314,4816.98,2642637,37.36,53967.52,3049.53,33641,5.65,1.6042,Overvalued,Small
315,4196.3,3490926,23.91,15294.38,1932.77,29163,12.64,0.5244,Fair Value,Small
316,3510.27,3713263,45.74,78614.75,16324.0,70368,20.76,1.1172,Overvalued,Medium
317,2103.87,4258549,38.29,42519.57,17898.65,126318,42.1,0.3366,Overvalued,Large
318,949.14,1446208,13.61,50507.93,16489.77,118306,32.65,0.4269,Undervalued,Large
319,866.54,4630889,32.62,78724.67,17985.88,196124,22.85,0.4014,Overvalued,Enterprise
320,1326.19,1878599,24.6,60285.69,11106.93,170735,18.42,0.3531,Fair Value,Enterprise
321,2791.21,122431,30.98,20908.77,16263.94,170924,77.79,0.1223,Overvalued,Enterprise
322,3601.52,1343131,38.21,59433.03,7742.45,133739,13.03,0.4444,Overvalued,Large
323,3334.97,747008,41.28,41355.65,13358.73,147293,32.3,0.2808,Overvalued,Large
324,1471.68,673441,42.97,47483.03,19777.83,132846,41.65,0.3574,Overvalued,Large
325,4778.84,4562816,16.43,3802.82,4591.98,76511,120.75,0.0497,Fair Value,Medium
326,3715.69,4470380,6.4,21792.91,7859.0,109976,36.06,0.1982,Undervalued,Large
327,2816.33,2149949,38.27,28822.77,9652.94,197447,33.49,0.146,Overvalued,Enterprise
328,3097.43,1368300,9.79,71583.04,2846.51,198253,3.98,0.3611,Undervalued,Enterprise
329,2156.04,2047763,19.17,2137.75,1712.67,160312,80.12,0.0133,Fair Value,Enterprise
330,1313.88,1729849,5.17,41468.95,16611.49,140499,40.06,0.2952,Undervalued,Large
331,1844.27,1985077,35.68,92478.66,19538.21,23431,21.13,3.9469,Overvalued,Small
332,3813.45,3982149,12.52,12076.18,8154.03,23104,67.52,0.5227,Undervalued,Small
333,170.53,4973062,34.49,52126.01,1844.23,119343,3.54,0.4368,Overvalued,Large
334,668.76,150861,49.63,78865.72,1409.65,141664,1.79,0.5567,Overvalued,Large
335,325.41,4945710,8.27,94310.6,17837.23,185969,18.91,0.5071,Undervalued,Enterprise
336,299.57,4100737,8.47,74930.89,9329.9,189267,12.45,0.3959,Undervalued,Enterprise
337,4291.76,821001,20.32,72335.99,6468.54,144921,8.94,0.4991,Fair Value,Large
338,3547.92,2091083,43.99,82822.32,9581.58,63317,11.57,1.3081,Overvalued,Medium
339,2423.45,4619216,14.7,45173.92,6434.25,89144,14.24,0.5068,Undervalued,Medium
340,579.39,1723911,21.22,80778.61,9831.81,9145,12.17,8.8331,Fair Value,Small
341,2508.92,1543717,8.08,1788.48,17205.17,20216,962.0,0.0885,Undervalued,Small
342,2420.01,4509352,39.34,92531.54,11886.8,18767,12.85,4.9305,Overvalued,Small
343,948.69,2957733,23.37,44887.34,13923.61,75157,31.02,0.5972,Fair Value,Medium
344,2225.87,1305663,39.17,55784.64,7356.95,74305,13.19,0.7508,Overvalued,Medium
345,2052.67,133320,45.66,26233.34,14796.27,27402,56.4,0.9574,Overvalued,Small
346,3117.67,427025,15.47,74510.55,13365.68,142455,17.94,0.523,Fair Value,Large
347,3211.96,464359,41.33,8586.94,2479.28,162107,28.87,0.053,Overvalued,Enterprise
348,321.99,1408507,7.66,87390.94,11495.59,72634,13.15,1.2032,Undervalued,Medium
349,1935.6,4166621,45.45,82983.57,5209.2,162796,6.28,0.5097,Overvalued,Enterprise
350,3166.71,1043187,34.28,22389.95,16101.5,13540,71.91,1.6536,Overvalued,Small
351,2565.37,4093710,44.34,81123.12,8576.16,111101,10.57,0.7302,Overvalued,Large
352,4296.8,1697690,5.01,78849.42,19894.21,46601,25.23,1.692,Undervalued,Small
353,3327.6,200734,12.61,63589.44,1940.76,132441,3.05,0.4801,Undervalued,Large
354,898.38,257702,22.54,37978.5,15628.92,7968,41.15,4.7664,Fair Value,Small
355,445.79,2951274,22.08,27878.38,13506.66,161423,48.45,0.1727,Fair Value,Enterprise
356,3247.85,1325811,15.2,23946.58,15373.23,78009,64.2,0.307,Fair Value,Medium
357,229.91,1247087,22.17,32542.29,6219.84,84623,19.11,0.3846,Fair Value,Medium
358,2970.3,3181091,10.8,90452.29,9891.88,169901,10.94,0.5324,Undervalued,Enterprise
359,4707.13,3929049,23.57,8686.44,15950.52,15834,183.63,0.5486,Fair Value,Small
360,2919.82,2803381,41.11,83058.26,4727.57,173601,5.69,0.4784,Overvalued,Enterprise
361,2002.03,1968670,26.56,35540.12,4598.06,172509,12.94,0.206,Fair Value,Enterprise
362,3252.11,4393122,5.81,52638.34,11065.91,171497,21.02,0.3069,Undervalued,Enterprise
363,2345.44,4446664,23.96,79654.08,10518.92,83700,13.21,0.9517,Fair Value,Medium
364,2773.52,4913673,6.22,88553.28,5717.02,193686,6.46,0.4572,Undervalued,Enterprise
365,4713.18,4855469,48.48,35133.36,6031.71,8533,17.17,4.1174,Overvalued,Small
366,1991.9,1032817,10.74,46722.5,5629.12,140283,12.05,0.3331,Undervalued,Large
367,4809.83,4435702,36.85,42037.09,15453.09,104086,36.76,0.4039,Overvalued,Large
368,4536.22,3378360,48.77,2311.85,13072.83,63853,565.47,0.0362,Overvalued,Medium
369,1059.38,3062732,42.17,30298.35,16665.1,113883,55.0,0.266,Overvalued,Large
370,439.87,2280338,36.47,46459.73,19511.91,21851,42.0,2.1262,Overvalued,Small
371,593.81,2092825,42.78,41698.27,9535.87,147625,22.87,0.2825,Overvalued,Large
372,189.29,3932978,49.18,72470.99,1427.21,170140,1.97,0.4259,Overvalued,Enterprise
373,562.77,4215811,32.96,39095.56,1057.04,161249,2.7,0.2425,Overvalued,Enterprise
374,3446.73,694604,30.16,49448.27,5983.73,165947,12.1,0.298,Overvalued,Enterprise
375,448.82,2149927,33.27,43531.25,18657.64,189316,42.86,0.2299,Overvalued,Enterprise
376,1662.98,3274108,28.97,74321.99,10511.94,48670,14.14,1.5271,Fair Value,Small
377,4239.89,2831638,33.58,86434.27,5508.55,177269,6.37,0.4876,Overvalued,Enterprise
378,214.03,364500,25.24,53657.02,8043.42,24603,14.99,2.1809,Fair Value,Small
379,4090.9,2267478,14.83,79153.79,12012.04,133951,15.18,0.5909,Undervalued,Large
380,1481.09,3076031,10.41,30381.88,13093.7,86940,43.1,0.3495,Undervalued,Medium
381,679.01,739282,8.08,54595.59,3163.0,131927,5.79,0.4138,Undervalued,Large
382,3514.01,3003633,16.85,35177.77,19542.93,39363,55.55,0.8937,Fair Value,Small
383,3181.82,2040369,7.08,42005.89,10940.97,108591,26.05,0.3868,Undervalued,Large
384,4399.61,4048242,30.52,73508.97,2800.2,55187,3.81,1.332,Overvalued,Medium
385,3701.85,1317060,17.77,88284.59,17883.34,173453,20.26,0.509,Fair Value,Enterprise
386,4037.06,1131519,42.1,13028.04,1585.3,51582,12.17,0.2526,Overvalued,Medium
387,1481.97,889352,8.34,63829.29,18163.94,186029,28.46,0.3431,Undervalued,Enterprise
388,969.45,4778714,15.19,58632.24,19931.66,123089,33.99,0.4763,Fair Value,Large
389,3778.01,1490281,37.86,12723.09,14038.59,148572,110.34,0.0856,Overvalued,Large
390,4053.49,4041106,31.95,21977.54,15431.9,40215,70.22,0.5465,Overvalued,Small
391,4953.48,2422466,7.9,31789.25,6812.33,14349,21.43,2.2154,Undervalued,Small
392,2121.83,1951317,44.48,17526.18,18837.38,177997,107.48,0.0985,Overvalued,Enterprise
393,1922.89,2046830,44.48,25129.22,10641.31,110461,42.35,0.2275,Overvalued,Large
394,3904.42,2714150,19.87,27492.48,14674.53,24700,53.38,1.1131,Fair Value,Small
395,1769.94,1668560,20.32,34231.71,18489.74,37806,54.01,0.9055,Fair Value,Small
396,4660.71,4760061,49.51,75189.65,19506.08,19322,25.94,3.8914,Overvalued,Small
397,4306.22,2705214,33.18,57619.31,16680.77,99141,28.95,0.5812,Overvalued,Medium
398,2202.07,2329180,28.91,98638.42,6130.05,104604,6.21,0.943,Fair Value,Large
399,3779.27,2428599,42.72,42058.85,19334.3,41239,45.97,1.0199,Overvalued,Small
400,3797.26,1095843,17.84,75632.64,12599.58,115019,16.66,0.6576,Fair Value,Large
401,605.31,4288891,24.31,87275.37,18619.79,41402,21.33,2.108,Fair Value,Small
402,4522.51,726045,17.05,68218.87,13554.49,87938,19.87,0.7758,Fair Value,Medium
403,2575.74,4131419,40.51,41774.61,6214.06,199331,14.88,0.2096,Overvalued,Enterprise
404,4149.64,4595511,30.8,75605.87,7463.49,139818,9.87,0.5407,Overvalued,Large
405,1668.24,1524945,34.65,21163.05,11054.39,144715,52.23,0.1462,Overvalued,Large
406,4488.06,1491538,16.35,33427.66,15821.3,153957,47.33,0.2171,Fair Value,Enterprise
407,2007.09,2463999,14.91,55121.84,6427.85,78453,11.66,0.7026,Undervalued,Medium
408,153.1,820488,26.98,57965.53,11636.65,162578,20.08,0.3565,Fair Value,Enterprise
409,4536.37,4890691,38.19,3192.01,6977.94,89092,218.61,0.0358,Overvalued,Medium
410,547.3,519065,28.64,94566.3,16333.81,51528,17.27,1.8352,Fair Value,Medium
411,1664.64,2884372,6.47,69966.1,9387.89,23877,13.42,2.9303,Undervalued,Small
412,4755.3,4325889,44.08,50074.67,1626.78,58039,3.25,0.8628,Overvalued,Medium
413,4757.98,1563807,7.91,93379.6,3404.45,184198,3.65,0.507,Undervalued,Enterprise
414,2909.85,3192195,48.01,44470.46,1315.98,86550,2.96,0.5138,Overvalued,Medium
415,3196.0,1716449,6.13,98063.12,10036.13,160725,10.23,0.6101,Undervalued,Enterprise
416,2297.38,389102,36.25,51716.19,2216.11,23648,4.29,2.1869,Overvalued,Small
417,1536.73,1436737,8.7,12314.29,2371.39,194393,19.26,0.0633,Undervalued,Enterprise
418,1710.46,3160006,45.98,76715.3,18826.86,168437,24.54,0.4555,Overvalued,Enterprise
419,3395.34,2477074,25.9,68210.87,17465.84,125649,25.61,0.5429,Fair Value,Large
420,3786.64,2897753,11.19,77525.69,9096.52,171873,11.73,0.4511,Undervalued,Enterprise
421,3978.74,1190805,20.34,95192.76,19717.53,182459,20.71,0.5217,Fair Value,Enterprise
422,3969.13,4543778,12.42,77872.44,103.71,137899,0.13,0.5647,Undervalued,Large
423,546.91,4262065,12.68,61522.32,12318.19,181889,20.02,0.3382,Undervalued,Enterprise
424,2522.66,3110087,47.66,85873.58,12366.92,163599,14.4,0.5249,Overvalued,Enterprise
425,382.04,360116,25.04,67651.4,9203.12,147864,13.6,0.4575,Fair Value,Large
426,2792.69,3068462,40.5,41403.79,7999.26,31725,19.32,1.3051,Overvalued,Small
427,2263.5,3142146,33.78,88676.36,9162.12,25018,10.33,3.5445,Overvalued,Small
428,4449.75,2718137,35.44,22968.15,8357.71,172308,36.39,0.1333,Overvalued,Enterprise
429,1819.48,4314279,10.93,71749.49,14636.8,114926,20.4,0.6243,Undervalued,Large
430,673.63,4452099,15.54,88274.78,2793.57,114981,3.16,0.7677,Fair Value,Large
431,800.66,3662223,40.4,73400.34,4033.02,183581,5.49,0.3998,Overvalued,Enterprise
432,3831.4,1357949,48.68,70030.27,3692.31,15677,5.27,4.4671,Overvalued,Small
433,3129.27,3071981,16.82,75511.19,5323.16,85255,7.05,0.8857,Fair Value,Medium
434,595.5,3950241,17.22,47040.47,10552.64,111876,22.43,0.4205,Fair Value,Large
435,512.12,4059076,26.28,87542.9,2313.05,99346,2.64,0.8812,Fair Value,Medium
436,3534.75,3834340,49.27,21140.21,17376.57,158861,82.2,0.1331,Overvalued,Enterprise
437,456.54,3421765,17.1,13611.26,6017.49,142326,44.21,0.0956,Fair Value,Large
438,4127.11,488076,23.31,29265.37,3334.51,95048,11.39,0.3079,Fair Value,Medium
439,3560.59,4984797,45.12,53626.16,13544.86,21441,25.26,2.5011,Overvalued,Small
440,498.61,3209244,5.13,51545.62,857.92,97654,1.66,0.5278,Undervalued,Medium
441,515.7,4916909,6.79,82239.28,12437.37,107898,15.12,0.7622,Undervalued,Large
442,4934.53,2298611,32.18,41052.3,13994.15,46430,34.09,0.8842,Overvalued,Small
443,1933.93,2060826,45.83,48950.1,4376.84,87859,8.94,0.5571,Overvalued,Medium
444,1916.15,2944664,15.75,2323.4,935.09,199588,40.25,0.0116,Fair Value,Enterprise
445,4082.72,2713275,26.13,41564.18,7336.54,86907,17.65,0.4783,Fair Value,Medium
446,4741.52,1478369,25.27,65129.65,2062.03,33413,3.17,1.9492,Fair Value,Small
447,4931.41,2523970,26.28,2535.32,2417.91,47000,95.37,0.0539,Fair Value,Small
448,3791.55,2190212,33.01,28807.31,5159.8,78940,17.91,0.3649,Overvalued,Medium
449,1943.67,4271774,26.14,21587.68,5979.81,165867,27.7,0.1302,Fair Value,Enterprise
450,509.15,2341984,25.14,5156.56,10646.41,161397,206.46,0.0319,Fair Value,Enterprise
451,3908.02,252999,26.34,48446.75,13600.0,86172,28.07,0.5622,Fair Value,Medium
452,2836.18,4642923,31.59,18990.61,11896.14,96467,62.64,0.1969,Overvalued,Medium
453,2178.69,161367,29.17,74565.07,3052.37,49256,4.09,1.5138,Fair Value,Small
454,4541.14,853315,43.44,84944.86,3524.51,87553,4.15,0.9702,Overvalued,Medium
455,644.87,4700108,7.23,55012.93,17587.51,159001,31.97,0.346,Undervalued,Enterprise
456,2513.86,3105334,42.5,98189.03,11211.21,26038,11.42,3.771,Overvalued,Small
457,155.63,2954190,42.98,45597.38,17411.76,59264,38.19,0.7694,Overvalued,Medium
458,2396.44,1384382,17.82,51823.45,7493.78,185702,14.46,0.2791,Fair Value,Enterprise
459,375.89,3953321,25.83,98932.56,12326.56,199371,12.46,0.4962,Fair Value,Enterprise
460,682.21,2754837,24.73,23923.3,10520.9,60382,43.98,0.3962,Fair Value,Medium
461,675.88,3584239,14.83,94312.05,6450.56,47901,6.84,1.9689,Undervalued,Small
462,3281.13,1142377,22.86,5240.92,9451.32,140637,180.34,0.0373,Fair Value,Large
463,3755.62,4677033,7.0,45192.3,10099.57,3426,22.35,13.191,Undervalued,Small
464,2958.51,3357181,17.5,7930.35,4095.34,134831,51.64,0.0588,Fair Value,Large
465,4814.65,1023780,41.75,73194.24,6368.71,191461,8.7,0.3823,Overvalued,Enterprise
466,1936.87,2966451,17.81,61232.48,15849.05,158766,25.88,0.3857,Fair Value,Enterprise
467,1499.99,2568152,41.82,70956.79,18324.19,115919,25.82,0.6121,Overvalued,Large
468,4356.14,4507871,28.92,38073.56,7259.9,4863,19.07,7.8292,Fair Value,Small
469,1195.62,2042811,44.59,37578.71,6208.75,142000,16.52,0.2646,Overvalued,Large
470,4819.79,398090,30.87,5486.61,3984.42,47688,72.62,0.1151,Overvalued,Small
471,159.56,417348,6.34,35644.55,13601.97,11321,38.16,3.1485,Undervalued,Small
472,4852.41,1426283,35.39,92999.55,6529.68,142383,7.02,0.6532,Overvalued,Large
473,311.48,192324,7.02,38543.43,19756.22,13669,51.26,2.8198,Undervalued,Small
474,4466.6,2420688,25.28,83305.4,6581.13,37960,7.9,2.1946,Fair Value,Small
475,2685.74,1905808,46.82,84390.22,7943.31,45437,9.41,1.8573,Overvalued,Small
476,4965.53,1420567,12.43,37950.87,12106.35,183483,31.9,0.2068,Undervalued,Enterprise
477,461.6,4320459,22.54,63566.88,16053.52,144687,25.25,0.4393,Fair Value,Large
478,2813.89,4636119,37.84,10441.79,9443.42,71795,90.44,0.1454,Overvalued,Medium
479,4849.58,4115470,44.7,11264.18,8510.86,106849,75.56,0.1054,Overvalued,Large
480,2663.18,4754798,35.19,5817.11,19913.19,156076,342.32,0.0373,Overvalued,Enterprise
481,3184.05,3377419,16.62,58520.49,308.82,191107,0.53,0.3062,Fair Value,Enterprise
482,3509.17,3722138,35.36,43181.03,17911.8,43890,41.48,0.9838,Overvalued,Small
483,2327.25,2640476,18.35,55255.2,3067.9,68680,5.55,0.8045,Fair Value,Medium
484,3175.03,4329011,37.33,52586.25,15739.91,5736,29.93,9.1678,Overvalued,Small
485,2963.14,1037841,47.93,35670.1,12396.84,77229,34.75,0.4619,Overvalued,Medium
486,4515.67,1667053,37.46,68069.87,6902.76,134064,10.14,0.5077,Overvalued,Large
487,322.69,2016545,43.83,76091.69,17490.11,21772,22.99,3.4949,Overvalued,Small
488,1476.72,2943940,5.09,2448.2,356.85,5912,14.58,0.4141,Undervalued,Small
489,4757.02,4647603,37.29,21516.99,4611.14,754,21.43,28.5371,Overvalued,Small
490,4462.29,4032441,42.33,71610.35,11381.17,54733,15.89,1.3084,Overvalued,Medium
491,2332.72,1307068,6.83,39275.4,7095.69,17243,18.07,2.2778,Undervalued,Small
492,3138.65,4464406,44.22,66585.91,12246.51,56034,18.39,1.1883,Overvalued,Medium
493,1459.17,494274,16.55,35349.3,579.79,67434,1.64,0.5242,Fair Value,Medium
494,1021.79,4511589,34.94,39684.76,2417.53,103563,6.09,0.3832,Overvalued,Large
495,2372.12,1486980,41.02,16709.21,2629.22,125951,15.74,0.1327,Overvalued,Large
496,1831.43,1308052,34.82,26564.87,3866.74,29187,14.56,0.9102,Overvalued,Small
497,2959.91,2955994,9.15,60935.76,9240.7,142790,15.16,0.4268,Undervalued,Large
498,480.9,3047762,31.83,43883.15,15067.36,8546,34.34,5.1349,Overvalued,Small
499,4874.53,2493293,29.73,77655.97,18120.22,102227,23.33,0.7596,Fair Value,Large
500,4932.43,3140267,45.51,85405.91,16723.91,48967,19.58,1.7442,Overvalued,Small
501,3520.99,3942323,23.19,54623.0,4018.07,182200,7.36,0.2998,Fair Value,Enterprise
502,2726.87,1397076,19.45,76068.46,8878.9,60201,11.67,1.2636,Fair Value,Medium
503,1616.69,1280887,38.74,31383.55,4068.29,158372,12.96,0.1982,Overvalued,Enterprise
504,4087.6,1907610,23.57,42082.15,5362.99,88174,12.74,0.4773,Fair Value,Medium
505,3455.18,4539850,34.07,71564.99,10120.58,192637,14.14,0.3715,Overvalued,Enterprise
506,896.82,2848385,34.09,39234.99,1455.37,118522,3.71,0.331,Overvalued,Large
507,4563.54,3815288,44.96,59261.99,4441.67,87992,7.49,0.6735,Overvalued,Medium
508,4130.43,2024401,31.94,19351.91,18714.03,120144,96.7,0.1611,Overvalued,Large
509,4754.02,1996220,27.6,60377.36,9375.71,39248,15.53,1.5384,Fair Value,Small
510,3656.03,3238744,11.25,86289.86,8963.19,83028,10.39,1.0393,Undervalued,Medium
511,3105.73,246470,10.21,86995.32,389.89,151870,0.45,0.5728,Undervalued,Enterprise
512,2149.39,1467223,11.94,72710.1,5023.25,173642,6.91,0.4187,Undervalued,Enterprise
513,4670.37,1155146,12.73,74829.58,17339.22,51760,23.17,1.4457,Undervalued,Medium
514,4343.71,2528081,33.7,56234.82,3376.11,185082,6.0,0.3038,Overvalued,Enterprise
515,321.57,3779126,38.34,58882.14,8360.99,35550,14.2,1.6563,Overvalued,Small
516,229.2,3744843,28.85,14231.41,385.19,187635,2.71,0.0758,Fair Value,Enterprise
517,1944.67,4373445,42.31,44942.06,9618.88,33857,21.4,1.3274,Overvalued,Small
518,4071.71,4306419,49.61,45626.85,518.32,78112,1.14,0.5841,Overvalued,Medium
519,4937.65,3284790,41.9,95891.29,16410.23,106850,17.11,0.8974,Overvalued,Large
520,837.04,3006495,36.27,43677.6,16514.59,127143,37.81,0.3435,Overvalued,Large
521,3011.24,4241363,28.96,55384.92,15776.07,162562,28.48,0.3407,Fair Value,Enterprise
522,1966.37,1674833,25.2,53791.89,5738.94,56216,10.67,0.9569,Fair Value,Medium
523,4852.58,3027337,8.8,64039.41,16761.02,144333,26.17,0.4437,Undervalued,Large
524,4226.38,2148891,22.97,75075.05,10905.66,32252,14.53,2.3278,Fair Value,Small
525,4207.81,1270439,45.96,23279.15,7538.78,106479,32.38,0.2186,Overvalued,Large
526,2396.6,3746804,41.36,53343.72,12544.07,20936,23.52,2.5479,Overvalued,Small
527,2132.62,747296,14.72,82765.85,345.59,197715,0.42,0.4186,Undervalued,Enterprise
528,1439.69,1649302,26.0,46848.36,2944.92,186820,6.29,0.2508,Fair Value,Enterprise
529,376.24,3222951,41.75,28567.3,14871.64,157503,52.06,0.1814,Overvalued,Enterprise
530,4337.14,1778687,8.03,65816.2,4958.82,141935,7.53,0.4637,Undervalued,Large
531,4083.21,900101,22.43,82552.97,12000.38,69544,14.54,1.1871,Fair Value,Medium
532,4998.62,4200612,43.33,7250.89,7763.54,93209,107.07,0.0778,Overvalued,Medium
533,4983.52,2059406,23.18,77902.26,17110.63,150359,21.96,0.5181,Fair Value,Enterprise
534,2821.62,1064918,8.49,82343.15,19053.06,143129,23.14,0.5753,Undervalued,Large
535,3868.04,596758,29.41,46690.77,17682.94,135551,37.87,0.3445,Fair Value,Large
536,4729.35,4742929,43.78,98347.26,5485.34,159131,5.58,0.618,Overvalued,Enterprise
537,4263.27,128625,31.56,78884.13,3963.84,82118,5.02,0.9606,Overvalued,Medium
538,1312.01,2933552,15.18,77592.59,9541.25,123176,12.3,0.6299,Fair Value,Large
539,2307.67,3531961,22.29,75036.02,245.95,158277,0.33,0.4741,Fair Value,Enterprise
540,732.88,1376647,25.26,15910.2,613.61,132049,3.86,0.1205,Fair Value,Large
541,4774.85,4142608,31.07,22505.86,11110.48,179525,49.37,0.1254,Overvalued,Enterprise
542,3070.26,4782315,39.17,46935.02,10456.94,83888,22.28,0.5595,Overvalued,Medium
543,1220.35,2627576,9.45,27136.43,19892.18,96970,73.3,0.2798,Undervalued,Medium
544,3391.33,416205,45.03,42108.86,4116.65,83408,9.78,0.5049,Overvalued,Medium
545,3128.83,3145315,5.55,88957.95,5236.27,182739,5.89,0.4868,Undervalued,Enterprise
546,1855.0,3244480,21.65,82608.36,2359.46,58013,2.86,1.424,Fair Value,Medium
547,656.43,4395680,6.23,63373.95,18359.11,2737,28.97,23.1545,Undervalued,Small
548,3390.71,3670834,22.68,85953.92,15578.44,42125,18.12,2.0404,Fair Value,Small
549,2649.51,3030639,28.66,78593.47,16464.55,99608,20.95,0.789,Fair Value,Medium
550,3884.36,2964781,28.03,43469.51,18065.0,82564,41.56,0.5265,Fair Value,Medium
551,2648.8,4205519,12.45,20905.45,10545.51,28842,50.44,0.7248,Undervalued,Small
552,4275.69,3717860,34.06,51905.9,9078.74,11931,17.49,4.3505,Overvalued,Small
553,2804.34,4452360,7.02,73886.66,6674.79,113868,9.03,0.6489,Undervalued,Large
554,2848.6,4928761,39.29,44205.54,11825.37,85192,26.75,0.5189,Overvalued,Medium
555,4395.6,4040285,47.6,67010.42,9140.14,90979,13.64,0.7365,Overvalued,Medium
556,2077.07,4757089,20.29,10338.42,9086.16,88470,87.89,0.1169,Fair Value,Medium
557,756.67,2727144,28.28,75052.47,18744.86,126637,24.98,0.5927,Fair Value,Large
558,241.04,2925896,22.05,81458.65,19682.23,177934,24.16,0.4578,Fair Value,Enterprise
559,3800.17,2138540,5.3,70976.95,15950.04,104924,22.47,0.6765,Undervalued,Large
560,3139.52,4976872,22.36,96759.1,15159.49,88841,15.67,1.0891,Fair Value,Medium
561,3549.99,2839956,40.63,82838.55,13643.11,18930,16.47,4.376,Overvalued,Small
562,1143.52,2719980,31.82,90406.28,3404.89,55144,3.77,1.6395,Overvalued,Medium
563,768.22,821384,9.56,93423.54,1276.21,74048,1.37,1.2617,Undervalued,Medium
564,171.27,619777,43.12,80333.45,13845.45,69302,17.23,1.1592,Overvalued,Medium
565,1817.88,3799181,28.9,67751.63,14602.85,37145,21.55,1.824,Fair Value,Small
566,2990.6,2987698,42.88,1566.14,1034.76,107609,66.07,0.0146,Overvalued,Large
567,2022.0,4330625,31.11,47116.75,18568.23,157799,39.41,0.2986,Overvalued,Enterprise
568,2243.63,2532593,30.19,57545.07,1913.7,15298,3.33,3.7616,Overvalued,Small
569,4530.38,4128812,9.74,31099.0,5789.42,69621,18.62,0.4467,Undervalued,Medium
570,1806.45,4131464,12.53,32492.34,13480.56,106571,41.49,0.3049,Undervalued,Large
571,2618.55,3490742,48.74,96154.78,3480.46,29575,3.62,3.2512,Overvalued,Small
572,3939.9,256498,15.28,89279.38,1202.78,19503,1.35,4.5777,Fair Value,Small
573,2043.06,2987296,48.99,85068.72,6689.82,3781,7.86,22.499,Overvalued,Small
574,3148.22,4688887,28.94,41195.17,15342.83,91655,37.24,0.4495,Fair Value,Medium
575,4325.58,2836582,11.11,2356.16,8332.21,118984,353.64,0.0198,Undervalued,Large
576,4752.65,1200500,9.47,8942.0,13094.16,93222,146.43,0.0959,Undervalued,Medium
577,820.66,1676590,14.4,31907.44,11634.42,115360,36.46,0.2766,Undervalued,Large
578,4640.28,2061977,46.65,2558.55,542.15,173464,21.19,0.0147,Overvalued,Enterprise
579,2511.37,4132654,23.64,2697.83,19771.95,105486,732.88,0.0256,Fair Value,Large
580,1365.4,764468,22.79,91743.73,924.42,136801,1.01,0.6706,Fair Value,Large
581,2349.77,3460160,19.09,70909.69,19359.27,93346,27.3,0.7596,Fair Value,Medium
582,4902.16,3385727,11.62,31586.64,11042.3,95964,34.96,0.3292,Undervalued,Medium
583,2513.83,980112,26.95,14131.81,19266.86,8517,136.34,1.6592,Fair Value,Small
584,1710.88,4652994,10.85,51651.94,2383.6,118988,4.61,0.4341,Undervalued,Large
585,3203.66,3137099,42.6,1529.27,9859.13,165937,644.7,0.0092,Overvalued,Enterprise
586,1276.71,4374277,21.67,93902.96,3473.13,74599,3.7,1.2588,Fair Value,Medium
587,471.73,4095609,21.87,42066.7,1114.4,131008,2.65,0.3211,Fair Value,Large
588,731.51,4928426,26.33,40831.16,12388.83,187746,30.34,0.2175,Fair Value,Enterprise
589,727.42,2142823,24.99,39668.77,4234.89,27775,10.68,1.4282,Fair Value,Small
590,844.32,1148173,49.77,7863.5,11795.17,171735,150.0,0.0458,Overvalued,Enterprise
591,780.25,1602025,29.54,64193.9,2336.05,11432,3.64,5.6153,Fair Value,Small
592,3240.29,2691661,8.97,73567.36,6706.53,19277,9.12,3.8163,Undervalued,Small
593,991.21,2012584,32.31,67936.41,15654.49,130660,23.04,0.5199,Overvalued,Large
594,1793.77,3877538,11.82,14705.11,8797.33,199619,59.82,0.0737,Undervalued,Enterprise
595,4494.26,325049,6.39,58305.18,12592.13,57204,21.6,1.0193,Undervalued,Medium
596,2422.41,1417191,48.68,57378.96,12984.41,84435,22.63,0.6796,Overvalued,Medium
597,3371.03,2961509,39.81,86972.67,16890.73,115038,19.42,0.756,Overvalued,Large
598,944.37,847419,49.1,38533.64,6565.96,80830,17.04,0.4767,Overvalued,Medium
599,1042.22,1179924,26.5,37777.11,13777.18,136123,36.47,0.2775,Fair Value,Large
600,300.26,2480932,28.95,62234.18,19236.15,28433,30.91,2.1888,Fair Value,Small
601,927.78,1754753,12.58,63674.19,14631.84,21773,22.98,2.9245,Undervalued,Small
602,1465.09,504772,16.11,47459.24,9848.42,114521,20.75,0.4144,Fair Value,Large
603,967.35,1815499,42.73,44862.88,12651.28,40970,28.2,1.095,Overvalued,Small
604,534.64,671107,21.03,49920.62,14819.69,127636,29.69,0.3911,Fair Value,Large
605,691.12,2175406,42.21,86243.48,12284.29,71201,14.24,1.2113,Overvalued,Medium
606,2357.82,2617334,36.91,46655.52,431.85,22921,0.93,2.0355,Overvalued,Small
607,1111.04,2186213,12.97,94053.25,3975.99,25594,4.23,3.6748,Undervalued,Small
608,1884.92,3458509,27.84,50896.37,16228.32,99577,31.89,0.5111,Fair Value,Medium
609,2566.74,2879499,35.48,94970.87,5525.75,126183,5.82,0.7526,Overvalued,Large
610,3482.93,2013722,15.58,83450.36,14658.09,112798,17.57,0.7398,Fair Value,Large
611,292.63,2910860,42.38,36880.7,7505.19,111660,20.35,0.3303,Overvalued,Large
612,4017.11,648884,29.52,86500.5,10485.5,132007,12.12,0.6553,Fair Value,Large
613,3176.71,2099254,12.44,11896.27,1452.67,18746,12.21,0.6346,Undervalued,Small
614,500.62,1087471,31.23,92579.67,3706.39,123877,4.0,0.7474,Overvalued,Large
615,4380.54,4353486,49.99,63532.71,19148.22,77460,30.14,0.8202,Overvalued,Medium
616,4612.27,4256532,11.77,6384.68,17813.75,37435,279.01,0.1706,Undervalued,Small
617,399.28,1801667,41.75,64781.42,13080.27,69451,20.19,0.9328,Overvalued,Medium
618,1456.7,3717556,14.33,97450.52,9246.93,115034,9.49,0.8471,Undervalued,Large
619,4050.39,2967340,40.21,7910.26,13547.65,133601,171.27,0.0592,Overvalued,Large
620,3766.47,358517,38.06,55914.08,12410.34,42050,22.2,1.3297,Overvalued,Small
621,1004.15,1457133,18.52,75031.64,11414.19,60754,15.21,1.235,Fair Value,Medium
622,1125.81,805475,19.66,81215.6,1277.62,107522,1.57,0.7553,Fair Value,Large
623,1915.31,4039311,40.66,41968.92,12692.77,110034,30.24,0.3814,Overvalued,Large
624,2474.16,848013,25.77,21212.49,15401.51,120075,72.61,0.1767,Fair Value,Large
625,3129.45,2888890,37.89,5191.89,19882.22,199315,382.95,0.026,Overvalued,Enterprise
626,1907.68,1352078,11.66,58392.89,320.46,91286,0.55,0.6397,Undervalued,Medium
627,2366.42,4438843,43.37,45838.2,14630.45,104334,31.92,0.4393,Overvalued,Large
628,3762.61,524226,36.99,94925.7,11478.61,102426,12.09,0.9268,Overvalued,Large
629,279.75,3767591,45.81,6999.89,8737.64,77627,124.83,0.0902,Overvalued,Medium
630,1336.94,3367727,10.96,68854.14,2638.65,86804,3.83,0.7932,Undervalued,Medium
631,3595.41,4217923,31.69,3471.66,8240.79,162271,237.37,0.0214,Overvalued,Enterprise
632,4486.51,3703101,31.96,17971.98,7152.11,170557,39.8,0.1054,Overvalued,Enterprise
633,2607.22,4994640,20.91,45904.32,6126.31,167091,13.35,0.2747,Fair Value,Enterprise
634,2707.36,798956,25.63,46032.37,14644.5,97052,31.81,0.4743,Fair Value,Medium
635,625.14,4001529,6.71,68884.35,14044.44,60882,20.39,1.1314,Undervalued,Medium
636,2292.32,3503096,38.56,91111.09,11821.5,71216,12.97,1.2794,Overvalued,Medium
637,2709.82,4380669,29.72,64264.18,18779.43,89726,29.22,0.7162,Fair Value,Medium
638,1288.11,854950,7.6,95399.97,7062.1,171559,7.4,0.5561,Undervalued,Enterprise
639,1419.29,275211,35.63,88279.95,4951.66,146995,5.61,0.6006,Overvalued,Large
640,1948.69,4192966,26.01,58865.48,13152.48,46115,22.34,1.2765,Fair Value,Small
641,198.35,4357950,6.55,83545.4,4056.4,102977,4.86,0.8113,Undervalued,Large
642,1678.19,365798,48.63,64615.18,6368.71,15439,9.86,4.1852,Overvalued,Small
643,1136.1,1630814,47.71,8777.23,4569.59,134663,52.06,0.0652,Overvalued,Large
644,1704.74,1983376,28.08,74315.91,1476.16,131878,1.99,0.5635,Fair Value,Large
645,686.83,3991113,9.22,10395.94,16567.22,97593,159.36,0.1065,Undervalued,Medium
646,4463.58,3121097,38.96,59814.2,5165.36,146900,8.64,0.4072,Overvalued,Large
647,3008.6,255683,27.14,70561.38,9513.25,138169,13.48,0.5107,Fair Value,Large
648,3427.6,3103475,18.61,7586.23,961.97,191580,12.68,0.0396,Fair Value,Enterprise
649,3966.94,4926563,27.11,23848.67,14016.86,189269,58.77,0.126,Fair Value,Enterprise
650,2542.37,4830741,28.51,91651.55,6678.16,129626,7.29,0.707,Fair Value,Large
651,525.91,2087755,30.32,62015.13,14920.26,169695,24.06,0.3655,Overvalued,Enterprise
652,2731.82,2006039,24.86,25382.32,8306.82,121748,32.73,0.2085,Fair Value,Large
653,2975.52,4861260,32.26,69377.3,3995.54,25263,5.76,2.7462,Overvalued,Small
654,3752.65,1555465,46.34,60080.87,10312.18,148890,17.16,0.4035,Overvalued,Large
655,2215.13,4292814,21.3,50655.99,2697.04,87608,5.32,0.5782,Fair Value,Medium
656,725.14,1094170,37.66,97642.51,8866.73,39719,9.08,2.4583,Overvalued,Small
657,1490.5,2809644,45.25,68661.92,6414.38,12226,9.34,5.6161,Overvalued,Small
658,1879.1,311830,25.52,38168.67,18248.0,65026,47.81,0.587,Fair Value,Medium
659,3264.99,3662613,24.96,80207.27,1312.48,40733,1.64,1.9691,Fair Value,Small
660,2896.81,3429049,32.1,88573.75,13910.95,3417,15.71,25.9215,Overvalued,Small
661,1844.87,4855976,31.61,13396.84,3736.75,45080,27.89,0.2972,Overvalued,Small
662,4933.92,621998,41.3,20854.74,6449.0,44215,30.92,0.4717,Overvalued,Small
663,3068.3,4160119,26.44,22406.47,8368.73,192818,37.35,0.1162,Fair Value,Enterprise
664,1262.41,3846169,49.83,69429.97,18169.5,43258,26.17,1.605,Overvalued,Small
665,598.73,175388,7.68,60700.92,4927.31,187135,8.12,0.3244,Undervalued,Enterprise
666,849.01,1875767,5.14,62280.16,1917.05,178803,3.08,0.3483,Undervalued,Enterprise
667,1305.19,2429753,33.81,94136.56,6441.92,180488,6.84,0.5216,Overvalued,Enterprise
668,887.34,1597618,18.43,77815.24,2183.05,105464,2.81,0.7378,Fair Value,Large
669,1014.18,4121080,15.82,13665.76,2659.07,190514,19.46,0.0717,Fair Value,Enterprise
670,1496.97,4528690,19.04,35403.2,11519.63,15604,32.54,2.2689,Fair Value,Small
671,949.53,3589443,16.52,44103.97,1311.95,199765,2.97,0.2208,Fair Value,Enterprise
672,4494.15,2658944,6.39,40200.2,715.52,157832,1.78,0.2547,Undervalued,Enterprise
673,493.15,601174,48.72,67261.55,14316.84,37296,21.29,1.8035,Overvalued,Small
674,2670.11,2981777,14.93,89297.42,7296.78,66038,8.17,1.3522,Undervalued,Medium
675,2110.94,2848996,38.03,31299.09,2594.97,139777,8.29,0.2239,Overvalued,Large
676,4913.66,295246,39.32,55635.84,5146.89,57488,9.25,0.9678,Overvalued,Medium
677,648.99,3796176,46.82,79151.53,12877.52,55601,16.27,1.4236,Overvalued,Medium
678,2049.49,2443394,6.37,42205.59,5583.18,184481,13.23,0.2288,Undervalued,Enterprise
679,4850.41,611083,44.24,17643.69,9940.97,27143,56.34,0.65,Overvalued,Small
680,4340.98,1112384,28.73,48020.15,2521.74,33735,5.25,1.4235,Fair Value,Small
681,4103.65,966964,33.46,6467.03,11803.06,80791,182.51,0.08,Overvalued,Medium
682,1363.72,149104,34.0,94295.96,6389.95,33232,6.78,2.8375,Overvalued,Small
683,937.35,3156277,41.89,8407.3,12576.67,15466,149.59,0.5436,Overvalued,Small
684,3376.35,963663,20.0,44407.21,16187.06,94044,36.45,0.4722,Fair Value,Medium
685,4653.94,4858982,37.99,53458.24,12271.76,193752,22.96,0.2759,Overvalued,Enterprise
686,2828.14,4500072,28.79,98545.08,5985.38,115367,6.07,0.8542,Fair Value,Large
687,2900.9,1306861,40.7,17436.16,5189.3,189061,29.76,0.0922,Overvalued,Enterprise
688,1471.9,3219612,49.57,12328.72,6615.68,39336,53.66,0.3134,Overvalued,Small
689,3870.52,2991005,14.03,1861.91,3375.95,4250,181.32,0.4381,Undervalued,Small
690,1016.51,4836319,49.76,16401.57,3705.32,111469,22.59,0.1471,Overvalued,Large
691,1686.03,357681,9.04,21520.02,15834.75,19523,73.58,1.1023,Undervalued,Small
692,2184.64,194018,5.1,63427.51,7756.18,4237,12.23,14.9699,Undervalued,Small
693,2587.29,2098197,6.99,22750.97,8776.3,30092,38.58,0.756,Undervalued,Small
694,1287.81,2154780,20.38,3031.56,11921.58,110640,393.25,0.0274,Fair Value,Large
695,662.7,3539782,33.48,82835.22,11834.1,115240,14.29,0.7188,Overvalued,Large
696,3092.04,4523408,8.11,37193.97,1440.8,176093,3.87,0.2112,Undervalued,Enterprise
697,1514.29,942186,5.25,36015.97,16647.66,121325,46.22,0.2969,Undervalued,Large
698,2948.07,4487814,47.17,30945.42,3628.8,67017,11.73,0.4618,Overvalued,Medium
699,856.38,1593293,41.99,97561.95,14489.13,73790,14.85,1.3222,Overvalued,Medium
700,2457.59,2651314,41.41,17841.43,15476.15,34335,86.74,0.5196,Overvalued,Small
701,2709.69,1224905,44.8,89925.57,14326.5,19222,15.93,4.6783,Overvalued,Small
702,353.94,3205958,36.5,77903.53,11621.66,24056,14.92,3.2384,Overvalued,Small
703,1749.36,4989196,9.7,8571.52,390.72,63979,4.56,0.134,Undervalued,Medium
704,758.63,3358084,22.96,98686.18,7271.47,58660,7.37,1.6823,Fair Value,Medium
705,410.54,304451,37.54,27865.23,12136.3,110410,43.55,0.2524,Overvalued,Large
706,4950.81,2080290,17.62,10759.71,7810.28,199857,72.59,0.0538,Fair Value,Enterprise
707,1679.53,3524328,35.93,83102.11,17283.25,155832,20.8,0.5333,Overvalued,Enterprise
708,4068.38,4849959,6.1,70960.88,6245.17,1268,8.8,55.9628,Undervalued,Small
709,1347.74,503322,18.78,62104.66,5941.34,45224,9.57,1.3733,Fair Value,Small
710,3439.36,4671843,29.71,16442.11,5393.35,167069,32.8,0.0984,Fair Value,Enterprise
711,3825.12,4410796,33.44,48371.12,6722.34,146204,13.9,0.3308,Overvalued,Large
712,3018.63,4177716,30.97,78275.05,11192.36,52897,14.3,1.4798,Overvalued,Medium
713,2410.72,4459879,36.4,31058.77,14169.6,35394,45.62,0.8775,Overvalued,Small
714,2118.02,2190545,5.27,31857.29,13285.1,174999,41.7,0.182,Undervalued,Enterprise
715,1809.45,2008802,9.54,1310.95,16173.58,3616,1233.73,0.3625,Undervalued,Small
716,4654.69,1648075,44.1,18250.1,17729.69,150923,97.15,0.1209,Overvalued,Enterprise
717,4170.04,593948,35.68,87665.16,16339.97,30473,18.64,2.8768,Overvalued,Small
718,4828.63,4268962,10.08,44732.9,477.01,122126,1.07,0.3663,Undervalued,Large
719,709.06,3844085,42.89,98439.22,14744.77,30370,14.98,3.2413,Overvalued,Small
720,3681.25,880641,15.9,40175.09,4247.15,141558,10.57,0.2838,Fair Value,Large
721,4697.87,4566134,26.52,71803.46,2745.27,195989,3.82,0.3664,Fair Value,Enterprise
722,988.04,1654205,11.53,28909.99,12805.93,65284,44.3,0.4428,Undervalued,Medium
723,425.83,1804597,36.95,37017.15,6462.89,37979,17.46,0.9747,Overvalued,Small
724,3731.49,3865689,35.01,19881.87,1236.63,49697,6.22,0.4001,Overvalued,Small
725,2914.92,2651331,14.5,35359.17,2838.83,170304,8.03,0.2076,Undervalued,Enterprise
726,4224.96,3227748,43.85,55176.51,118.5,3726,0.21,14.8085,Overvalued,Small
727,784.88,935036,23.06,99185.52,18074.15,86036,18.22,1.1528,Fair Value,Medium
728,3996.81,2469822,18.16,66755.97,589.9,81615,0.88,0.8179,Fair Value,Medium
729,1087.97,4101070,11.85,20725.35,4268.17,55490,20.59,0.3735,Undervalued,Medium
730,901.91,2488278,16.98,5451.18,8383.63,147817,153.79,0.0369,Fair Value,Large
731,904.9,2983791,5.99,13509.29,7195.77,54244,53.27,0.249,Undervalued,Medium
732,4091.42,4280413,31.25,56692.96,18243.34,144554,32.18,0.3922,Overvalued,Large
733,3359.47,3596605,42.9,76750.87,901.75,4125,1.17,18.6063,Overvalued,Small
734,2663.02,1405487,29.7,94101.5,10293.07,174398,10.94,0.5396,Fair Value,Enterprise
735,1858.27,408623,14.87,2566.49,13641.54,79480,531.53,0.0323,Undervalued,Medium
736,4398.28,3747371,6.52,52753.25,18640.79,119010,35.34,0.4433,Undervalued,Large
737,2022.98,3396903,14.66,47615.87,12445.39,96155,26.14,0.4952,Undervalued,Medium
738,4101.34,2368115,23.73,65949.45,16094.73,126289,24.4,0.5222,Fair Value,Large
739,2251.76,1290402,39.18,56398.31,1766.13,134615,3.13,0.419,Overvalued,Large
740,1947.03,1247116,13.45,69016.88,7780.2,21495,11.27,3.2108,Undervalued,Small
741,2367.13,3056566,37.39,66150.18,7541.55,10825,11.4,6.1109,Overvalued,Small
742,1576.75,3872763,44.01,12584.16,17737.14,33561,140.95,0.375,Overvalued,Small
743,3763.29,410375,25.43,80172.07,3112.29,41215,3.88,1.9452,Fair Value,Small
744,2563.33,2226453,41.96,13200.02,3122.53,110184,23.66,0.1198,Overvalued,Large
745,1237.84,1371300,29.96,70154.53,6638.31,83832,9.46,0.8368,Fair Value,Medium
746,4507.92,3759731,33.67,42198.39,1183.87,79657,2.81,0.5298,Overvalued,Medium
747,1981.07,4488087,28.68,51871.22,3730.92,71360,7.19,0.7269,Fair Value,Medium
748,2763.41,3942411,25.84,90426.5,19307.67,159862,21.35,0.5657,Fair Value,Enterprise
749,4541.71,1115416,15.56,89098.49,8620.86,1507,9.68,59.1231,Fair Value,Small
750,3158.77,4963059,18.64,81967.77,12677.18,73668,15.47,1.1127,Fair Value,Medium
751,672.8,2414181,18.05,51504.69,14549.61,58660,28.25,0.878,Fair Value,Medium
752,4705.18,3504231,30.35,73887.74,7402.53,178512,10.02,0.4139,Overvalued,Enterprise
753,3175.77,3365696,10.4,51776.81,3029.82,148966,5.85,0.3476,Undervalued,Large
754,1741.04,4672148,46.26,87091.0,4210.96,151053,4.84,0.5766,Overvalued,Enterprise
755,782.43,4305003,37.43,40874.81,6334.0,180875,15.5,0.226,Overvalued,Enterprise
756,3990.72,3441861,23.07,97053.3,12757.76,175526,13.15,0.5529,Fair Value,Enterprise
757,3138.36,4828307,12.14,93299.95,8025.78,91388,8.6,1.0209,Undervalued,Medium
758,2713.96,2715804,44.69,74418.66,235.61,119120,0.32,0.6247,Overvalued,Large
759,4480.07,4412717,42.07,28662.17,10515.8,99401,36.69,0.2883,Overvalued,Medium
760,3964.13,2082243,37.48,14033.71,18438.12,14490,131.38,0.9685,Overvalued,Small
761,843.21,1792128,17.22,85615.64,16260.34,27407,18.99,3.1239,Fair Value,Small
762,1627.44,3513654,23.11,17364.93,16521.71,24602,95.14,0.7058,Fair Value,Small
763,1317.6,3370209,9.62,85571.82,15921.65,22586,18.61,3.7887,Undervalued,Small
764,3745.34,315400,13.51,49585.74,6542.24,111913,13.19,0.4431,Undervalued,Large
765,264.31,2757025,40.24,41249.12,15327.36,169430,37.16,0.2435,Overvalued,Enterprise
766,2892.46,3424664,37.18,90415.89,2948.91,188888,3.26,0.4787,Overvalued,Enterprise
767,3836.05,4686440,31.71,60781.25,13188.55,104020,21.7,0.5843,Overvalued,Large
768,4396.15,3694058,45.31,58084.79,12867.21,82868,22.15,0.7009,Overvalued,Medium
769,1776.2,4684258,31.25,56317.83,608.84,141920,1.08,0.3968,Overvalued,Large
770,4124.16,2235219,26.01,37745.78,15780.61,62885,41.81,0.6002,Fair Value,Medium
771,642.1,1846621,20.32,78778.67,18074.64,76150,22.94,1.0345,Fair Value,Medium
772,4247.62,4312377,47.32,26027.05,5421.56,22838,20.83,1.1396,Overvalued,Small
773,724.69,4330339,8.72,93950.6,16266.58,74331,17.31,1.2639,Undervalued,Medium
774,2046.71,1344625,46.89,89504.54,1739.88,73706,1.94,1.2143,Overvalued,Medium
775,4006.75,333782,42.2,34410.55,12039.36,41762,34.99,0.824,Overvalued,Small
776,834.6,4909109,10.85,73216.91,9764.37,118413,13.34,0.6183,Undervalued,Large
777,1223.33,3835466,30.42,57749.1,10963.88,15223,18.99,3.7935,Overvalued,Small
778,3639.04,1683246,43.99,34427.28,18531.48,156788,53.83,0.2196,Overvalued,Enterprise
779,3628.18,826331,30.73,98863.64,17439.17,11282,17.64,8.763,Overvalued,Small
780,3241.62,1894291,45.82,3498.5,15723.16,90469,449.43,0.0387,Overvalued,Medium
781,3500.35,3998606,47.43,26011.96,5546.6,193185,21.32,0.1346,Overvalued,Enterprise
782,2759.35,3082448,24.01,52487.33,18245.19,162503,34.76,0.323,Fair Value,Enterprise
783,1333.82,4961993,21.98,52673.35,2040.4,177270,3.87,0.2971,Fair Value,Enterprise
784,1793.91,2978117,47.13,59304.37,17081.25,26228,28.8,2.2611,Overvalued,Small
785,989.83,4581617,35.38,75415.94,6630.39,31656,8.79,2.3824,Overvalued,Small
786,4551.41,4381772,10.22,62724.31,1170.07,153048,1.87,0.4098,Undervalued,Enterprise
787,2958.62,2143037,6.9,60427.86,13420.2,140121,22.21,0.4313,Undervalued,Large
788,2064.17,4486007,30.41,6297.93,4702.47,52062,74.67,0.121,Overvalued,Medium
789,2363.83,3833149,46.86,38276.5,4947.07,90154,12.92,0.4246,Overvalued,Medium
790,4741.69,3187821,42.99,23973.52,6190.34,24199,25.82,0.9907,Overvalued,Small
791,851.42,2904802,35.41,27271.64,1367.33,143888,5.01,0.1895,Overvalued,Large
792,2972.53,4257263,11.26,55879.41,3624.83,183783,6.49,0.3041,Undervalued,Enterprise
793,2578.85,4588198,16.44,20751.03,202.28,170057,0.97,0.122,Fair Value,Enterprise
794,3096.13,1713325,44.4,30100.96,8963.65,53244,29.78,0.5653,Overvalued,Medium
795,188.74,3712744,13.23,24471.39,1776.68,196392,7.26,0.1246,Undervalued,Enterprise
796,4373.41,1226798,17.53,94901.79,13684.79,7937,14.42,11.9569,Fair Value,Small
797,4667.38,2833460,10.83,94521.91,4788.89,180527,5.07,0.5236,Undervalued,Enterprise
798,2869.15,4215362,35.42,61384.21,18877.13,178471,30.75,0.3439,Overvalued,Enterprise
799,3513.59,1803377,47.48,92527.72,17437.91,150331,18.85,0.6155,Overvalued,Enterprise
800,4620.25,1352557,17.1,78795.45,5859.87,125312,7.44,0.6288,Fair Value,Large
801,3565.47,4398515,26.39,59404.84,15685.99,116780,26.41,0.5087,Fair Value,Large
802,847.44,3432049,33.55,1637.09,16084.57,106902,982.51,0.0153,Overvalued,Large
803,2923.81,1590687,49.98,77479.11,19732.61,102513,25.47,0.7558,Overvalued,Large
804,3072.9,4781993,9.72,70546.35,11997.02,51112,17.01,1.3802,Undervalued,Medium
805,2178.24,1023160,27.44,61910.11,1731.12,130293,2.8,0.4752,Fair Value,Large
806,3708.58,4157025,22.33,76282.01,12972.06,190477,17.01,0.4005,Fair Value,Enterprise
807,4678.4,3702684,43.96,51779.29,12537.1,148278,24.21,0.3492,Overvalued,Large
808,4635.29,3047893,26.42,70704.24,12803.18,58223,18.11,1.2144,Fair Value,Medium
809,2309.11,3888963,9.99,93582.04,6212.2,111925,6.64,0.8361,Undervalued,Large
810,654.87,3974910,33.55,38204.7,17207.62,8820,45.04,4.3316,Overvalued,Small
811,4925.72,3251629,39.69,71104.06,19193.5,168833,26.99,0.4212,Overvalued,Enterprise
812,4210.6,2359776,5.13,48093.09,4432.48,152292,9.22,0.3158,Undervalued,Enterprise
813,710.85,3468045,43.65,67765.57,1854.23,150962,2.74,0.4489,Overvalued,Enterprise
814,4612.13,4987349,13.37,76526.44,3971.25,58755,5.19,1.3025,Undervalued,Medium
815,4362.49,4440092,29.84,5499.8,16428.99,190815,298.72,0.0288,Fair Value,Enterprise
816,2642.31,4932691,23.71,65013.44,13565.23,93548,20.87,0.695,Fair Value,Medium
817,2997.25,2732578,37.38,23447.38,12757.34,178546,54.41,0.1313,Overvalued,Enterprise
818,2055.11,1068616,21.7,67333.22,8095.68,174079,12.02,0.3868,Fair Value,Enterprise
819,368.33,4317733,44.14,47364.69,11598.78,181243,24.49,0.2613,Overvalued,Enterprise
820,1742.47,1350956,37.87,77581.72,6226.7,120607,8.03,0.6433,Overvalued,Large
821,4033.98,1590036,34.15,13216.68,9596.28,34912,72.61,0.3786,Overvalued,Small
822,122.7,2969729,40.83,63005.91,15881.95,49670,25.21,1.2685,Overvalued,Small
823,1734.15,1909377,38.93,28568.6,19626.71,51001,68.7,0.5602,Overvalued,Medium
824,2051.03,1165923,6.62,85445.22,18656.53,60286,21.83,1.4173,Undervalued,Medium
825,2733.24,1820856,22.76,92909.97,18683.93,122166,20.11,0.7605,Fair Value,Large
826,4607.29,656110,46.89,99643.43,8104.25,128464,8.13,0.7757,Overvalued,Large
827,1797.1,1064163,10.66,79804.73,9428.92,181423,11.81,0.4399,Undervalued,Enterprise
828,1800.07,3112539,38.17,75619.67,14142.14,196343,18.7,0.3851,Overvalued,Enterprise
829,3713.76,4302271,48.86,22334.58,18451.62,36260,82.61,0.616,Overvalued,Small
830,2315.87,4142879,7.35,34264.7,2925.69,19256,8.54,1.7794,Undervalued,Small
831,1200.56,3781887,35.7,47102.57,6154.41,76308,13.07,0.6173,Overvalued,Medium
832,2316.95,2422523,26.07,77564.72,2871.01,149101,3.7,0.5202,Fair Value,Large
833,790.2,3975358,31.06,91581.62,12278.97,197778,13.41,0.4631,Overvalued,Enterprise
834,964.3,1313261,8.84,19724.77,6195.39,193731,31.41,0.1018,Undervalued,Enterprise
835,2542.0,4846771,6.94,92314.38,6589.55,185377,7.14,0.498,Undervalued,Enterprise
836,2152.73,351537,35.01,69866.84,1511.23,199647,2.16,0.35,Overvalued,Enterprise
837,4582.74,1856124,42.05,61466.3,7060.94,195513,11.49,0.3144,Overvalued,Enterprise
838,1875.73,941531,40.19,20784.29,17263.68,95477,83.06,0.2177,Overvalued,Medium
839,2944.88,964645,29.47,6496.98,4738.15,42963,72.93,0.1512,Fair Value,Small
840,3198.1,1528127,9.49,57278.02,13934.23,65539,24.33,0.874,Undervalued,Medium
841,164.16,571082,35.96,65500.05,12629.6,138366,19.28,0.4734,Overvalued,Large
842,3351.33,2021277,15.88,21867.36,17283.34,121461,79.04,0.18,Fair Value,Large
843,972.38,4354849,46.0,56089.16,2732.53,197386,4.87,0.2842,Overvalued,Enterprise
844,4809.24,3547794,42.72,85792.85,19554.04,96276,22.79,0.8911,Overvalued,Medium
845,828.45,1715777,36.92,83671.53,11694.31,29877,13.98,2.8005,Overvalued,Small
846,2131.66,3604905,47.7,92808.16,19909.94,157355,21.45,0.5898,Overvalued,Enterprise
847,518.21,3612664,6.41,37222.7,18239.14,158617,49.0,0.2347,Undervalued,Enterprise
848,4984.68,1073181,38.13,32486.91,4508.19,198210,13.88,0.1639,Overvalued,Enterprise
849,2560.76,3216810,19.86,75193.17,1217.62,87301,1.62,0.8613,Fair Value,Medium
850,3017.39,1591633,45.77,43680.13,5187.22,147370,11.88,0.2964,Overvalued,Large
851,428.67,4995996,17.0,9667.32,10598.52,152583,109.63,0.0634,Fair Value,Enterprise
852,3774.81,1633854,37.62,28997.31,3514.77,181749,12.12,0.1595,Overvalued,Enterprise
853,1128.54,2161774,44.49,42439.65,3432.45,15967,8.09,2.658,Overvalued,Small
854,4500.47,2890358,6.87,29959.13,9305.61,62601,31.06,0.4786,Undervalued,Medium
855,1105.18,3960562,22.89,33888.35,762.03,145438,2.25,0.233,Fair Value,Large
856,1034.37,3290664,39.3,30083.81,2525.57,39522,8.4,0.7612,Overvalued,Small
857,279.09,1865524,25.47,5108.42,8375.64,166380,163.96,0.0307,Fair Value,Enterprise
858,2413.13,1350632,17.03,64072.38,1356.29,121644,2.12,0.5267,Fair Value,Large
859,2867.72,2422621,14.89,60131.95,7995.43,162385,13.3,0.3703,Undervalued,Enterprise
860,421.97,237478,10.92,65684.97,9532.72,138539,14.51,0.4741,Undervalued,Large
861,3900.09,3343087,43.57,20038.68,9080.21,35462,45.31,0.5651,Overvalued,Small
862,2321.12,1009711,30.89,30269.8,17396.58,51688,57.47,0.5856,Overvalued,Medium
863,2669.51,3811584,8.44,62341.98,10648.24,169457,17.08,0.3679,Undervalued,Enterprise
864,2259.74,1719715,22.22,60363.13,9412.81,126783,15.59,0.4761,Fair Value,Large
865,2063.74,2690310,21.55,51126.7,8273.11,36407,16.18,1.4043,Fair Value,Small
866,2842.24,1727687,13.18,35690.91,16370.71,80380,45.87,0.444,Undervalued,Medium
867,860.68,1060612,24.6,91380.17,17911.63,151039,19.6,0.605,Fair Value,Enterprise
868,991.45,527387,19.94,34637.25,17079.53,56623,49.31,0.6117,Fair Value,Medium
869,4322.75,3746259,20.38,46106.3,13503.58,137550,29.29,0.3352,Fair Value,Large
870,4735.97,1644613,38.26,68133.27,2833.5,107769,4.16,0.6322,Overvalued,Large
871,1929.22,1397638,15.05,54759.12,5609.71,159098,10.24,0.3442,Fair Value,Enterprise
872,1426.65,4729988,33.88,35341.71,1016.65,103315,2.88,0.3421,Overvalued,Large
873,3255.6,2254174,30.68,44128.83,18623.4,98807,42.2,0.4466,Overvalued,Medium
874,2102.8,2530525,30.56,79653.6,13249.89,144352,16.63,0.5518,Overvalued,Large
875,224.39,3195010,34.84,28534.79,14952.62,92937,52.4,0.307,Overvalued,Medium
876,865.15,2556070,29.68,15083.27,6300.28,118170,41.77,0.1276,Fair Value,Large
877,3608.26,589626,44.57,32003.16,16928.51,168103,52.9,0.1904,Overvalued,Enterprise
878,3328.73,388859,35.4,85103.89,5266.11,155186,6.19,0.5484,Overvalued,Enterprise
879,232.77,4849766,29.61,9809.98,132.71,79972,1.35,0.1227,Fair Value,Medium
880,1187.66,1646236,42.34,99177.91,7590.66,189674,7.65,0.5229,Overvalued,Enterprise
881,1232.27,4101412,32.28,54559.29,11458.15,87836,21.0,0.6211,Overvalued,Medium
882,3392.27,2390870,18.1,98499.73,9626.23,5570,9.77,17.684,Fair Value,Small
883,196.58,694305,14.32,93960.65,17255.32,146125,18.36,0.643,Undervalued,Large
884,610.13,4357341,11.85,45828.56,2197.57,169679,4.8,0.2701,Undervalued,Enterprise
885,4019.59,3859834,45.48,20650.62,11121.09,93069,53.85,0.2219,Overvalued,Medium
886,974.87,2727988,36.96,17323.59,10308.29,91593,59.5,0.1891,Overvalued,Medium
887,3298.46,304366,47.18,24758.95,5699.72,6623,23.02,3.7383,Overvalued,Small
888,1267.1,602420,32.15,71303.13,16462.34,188362,23.09,0.3785,Overvalued,Enterprise
889,587.26,2351401,26.3,28022.05,15081.69,178933,53.82,0.1566,Fair Value,Enterprise
890,1291.54,1779161,7.69,34801.1,14683.9,31269,42.19,1.113,Undervalued,Small
891,3639.11,1138199,35.22,45429.1,17536.23,45741,38.6,0.9932,Overvalued,Small
892,4292.91,760902,31.2,91410.04,14483.41,154162,15.84,0.5929,Overvalued,Enterprise
893,4168.08,1638112,49.56,19749.95,4713.64,29761,23.87,0.6636,Overvalued,Small
894,2046.2,1826676,15.76,1497.63,14140.7,144591,944.21,0.0104,Fair Value,Large
895,3373.62,1470073,28.88,6949.54,6223.29,14557,89.55,0.4774,Fair Value,Small
896,1104.42,4253585,34.29,90571.87,4919.28,67700,5.43,1.3378,Overvalued,Medium
897,1536.42,1785996,34.01,65104.13,1552.77,103719,2.39,0.6277,Overvalued,Large
898,4492.05,3346417,30.26,28031.02,14906.17,76202,53.18,0.3679,Overvalued,Medium
899,163.71,802436,39.96,18542.06,14248.92,33185,76.85,0.5587,Overvalued,Small
900,518.99,2643788,14.22,30132.41,4766.54,97164,15.82,0.3101,Undervalued,Medium
901,1118.64,1452144,37.65,12364.9,15012.64,181826,121.41,0.068,Overvalued,Enterprise
902,230.01,1651330,32.89,94211.76,18365.03,137302,19.49,0.6862,Overvalued,Large
903,989.03,1071248,45.32,78636.41,2249.78,105823,2.86,0.7431,Overvalued,Large
904,2956.9,4757851,43.12,46776.73,4729.47,133214,10.11,0.3511,Overvalued,Large
905,2164.98,2707411,19.18,86631.3,15030.19,70234,17.35,1.2335,Fair Value,Medium
906,4474.09,1793439,17.43,25696.36,5562.68,43082,21.65,0.5965,Fair Value,Small
907,4105.47,1931094,49.17,71994.94,12530.81,65285,17.41,1.1028,Overvalued,Medium
908,1774.91,3537172,28.73,85757.12,1715.17,33577,2.0,2.554,Fair Value,Small
909,1371.17,1159325,45.79,36320.1,9098.83,114261,25.05,0.3179,Overvalued,Large
910,1960.49,2063571,12.37,75988.98,14807.92,52809,19.49,1.4389,Undervalued,Medium
911,2992.45,4519323,33.93,30212.16,13761.63,159888,45.55,0.189,Overvalued,Enterprise
912,1413.51,697218,41.44,30586.86,16319.93,78237,53.36,0.391,Overvalued,Medium
913,3158.33,3915144,47.63,11598.66,17561.3,36118,151.41,0.3211,Overvalued,Small
914,2106.12,3536252,20.18,44565.75,15486.35,139233,34.75,0.3201,Fair Value,Large
915,2805.03,917052,37.62,73241.48,13464.6,139781,18.38,0.524,Overvalued,Large
916,2237.02,2085957,29.25,94081.86,731.28,35471,0.78,2.6524,Fair Value,Small
917,1542.88,1528080,7.73,60775.9,10745.84,83121,17.68,0.7312,Undervalued,Medium
918,4747.42,1201928,36.05,86450.42,850.18,151977,0.98,0.5688,Overvalued,Enterprise
919,3841.67,2621279,36.05,82426.97,16180.55,7957,19.63,10.3591,Overvalued,Small
920,786.55,2200343,46.88,18160.96,6482.42,142792,35.69,0.1272,Overvalued,Large
921,4355.49,4196392,27.38,49095.93,11292.34,8277,23.0,5.9316,Fair Value,Small
922,2488.41,2826016,15.36,12575.43,5660.96,161283,45.02,0.078,Fair Value,Enterprise
923,4483.31,1344289,7.01,68533.16,15671.75,88678,22.87,0.7728,Undervalued,Medium
924,4019.29,542939,23.7,95040.07,17741.4,90041,18.67,1.0555,Fair Value,Medium
925,2183.55,1152207,18.59,14571.86,8032.99,11926,55.13,1.2219,Fair Value,Small
926,210.1,3382972,39.25,73654.43,17272.16,145062,23.45,0.5077,Overvalued,Large
927,1416.52,404224,20.94,63591.58,5414.79,82528,8.51,0.7705,Fair Value,Medium
928,2754.01,4514473,47.71,58776.9,10739.75,126144,18.27,0.466,Overvalued,Large
929,3204.04,2811793,48.3,39621.9,17189.35,189203,43.38,0.2094,Overvalued,Enterprise
930,1363.65,4847263,32.94,36158.03,6585.04,75120,18.21,0.4813,Overvalued,Medium
931,782.84,2419124,46.79,5479.67,19085.44,5595,348.3,0.9794,Overvalued,Small
932,4191.16,4023227,39.24,22572.96,2525.4,28581,11.19,0.7898,Overvalued,Small
933,4923.57,2173290,29.61,2502.51,463.67,142439,18.53,0.0176,Fair Value,Large
934,2675.88,2618970,13.11,58560.29,18092.29,117997,30.9,0.4963,Undervalued,Large
935,941.23,3989877,25.64,11479.47,1466.11,137915,12.77,0.0832,Fair Value,Large
936,1434.31,1827408,30.24,87428.92,19838.59,185972,22.69,0.4701,Overvalued,Enterprise
937,190.11,2901742,43.88,52791.16,19032.8,103575,36.05,0.5097,Overvalued,Large
938,4580.06,3188272,26.66,70269.3,2826.72,179945,4.02,0.3905,Fair Value,Enterprise
939,676.98,1155675,45.4,41674.85,10797.93,57142,25.91,0.7293,Overvalued,Medium
940,2924.93,3664375,35.35,56497.4,3779.91,49576,6.69,1.1396,Overvalued,Small
941,1442.87,1065188,11.16,94323.26,8620.29,28652,9.14,3.292,Undervalued,Small
942,2815.47,4848703,49.77,9190.67,1322.36,196414,14.39,0.0468,Overvalued,Enterprise
943,3291.96,2261088,28.73,26139.84,4556.1,176944,17.43,0.1477,Fair Value,Enterprise
944,4165.73,2420484,22.63,78218.84,7329.13,174902,9.37,0.4472,Fair Value,Enterprise
945,1111.46,4205223,34.66,10774.98,8829.09,160120,81.94,0.0673,Overvalued,Enterprise
946,153.88,2922988,9.9,8490.45,19552.18,69193,230.28,0.1227,Undervalued,Medium
947,770.74,4019047,33.64,36792.6,16176.53,69223,43.97,0.5315,Overvalued,Medium
948,4510.09,3568792,27.42,10124.63,14774.46,16635,145.93,0.6086,Fair Value,Small
949,4382.06,587510,23.3,58922.77,10787.12,66590,18.31,0.8849,Fair Value,Medium
950,3027.32,3675168,47.89,23401.25,16815.96,46662,71.86,0.5015,Overvalued,Small
951,3042.53,4155447,28.51,89674.1,6852.52,119142,7.64,0.7527,Fair Value,Large
952,3358.68,1773879,14.86,78566.51,14207.09,89180,18.08,0.881,Undervalued,Medium
953,959.32,1880752,25.65,70270.82,19876.3,189707,28.29,0.3704,Fair Value,Enterprise
954,4580.62,3393331,46.37,62077.46,6361.12,41369,10.25,1.5006,Overvalued,Small
955,2151.98,3864455,12.92,86483.11,13512.95,80774,15.62,1.0707,Undervalued,Medium
956,1977.38,4435518,14.63,23083.14,16901.87,42562,73.22,0.5423,Undervalued,Small
957,2642.7,503082,5.59,87437.78,18324.57,134299,20.96,0.6511,Undervalued,Large
958,330.13,301139,5.64,79159.74,14386.86,23247,18.17,3.4052,Undervalued,Small
959,914.79,4004722,42.32,75067.92,5743.8,176700,7.65,0.4248,Overvalued,Enterprise
960,3716.36,2846866,37.95,56564.31,6593.01,77195,11.66,0.7327,Overvalued,Medium
961,505.71,1307786,20.98,25378.17,513.08,91025,2.02,0.2788,Fair Value,Medium
962,3055.45,192601,36.42,42931.24,15241.63,66481,35.5,0.6458,Overvalued,Medium
963,1302.21,3275684,22.78,79563.49,950.52,99568,1.19,0.7991,Fair Value,Medium
964,2007.55,3484068,47.88,4146.07,17306.58,63849,417.42,0.0649,Overvalued,Medium
965,1514.6,729085,48.52,78423.03,2461.35,169844,3.14,0.4617,Overvalued,Enterprise
966,1842.8,2059925,22.68,24767.0,3520.34,13831,14.21,1.7907,Fair Value,Small
967,3623.32,3109887,43.44,15286.61,9582.88,124747,62.69,0.1225,Overvalued,Large
968,1555.9,1618087,39.79,12454.43,14783.82,185684,118.7,0.0671,Overvalued,Enterprise
969,2875.38,2113321,18.95,3697.75,2866.14,51124,77.51,0.0723,Fair Value,Medium
970,2432.65,2618638,15.44,52835.06,8857.41,116812,16.76,0.4523,Fair Value,Large
971,3351.99,703103,25.62,22607.73,9708.74,101221,42.94,0.2234,Fair Value,Large
972,4690.47,4333583,40.16,98953.74,4324.48,3932,4.37,25.1663,Overvalued,Small
973,3689.6,4666235,48.21,57869.24,2399.61,32432,4.15,1.7843,Overvalued,Small
974,1153.21,2089968,39.36,14650.64,16744.78,12567,114.29,1.1658,Overvalued,Small
975,252.8,2345854,43.48,69187.49,10099.07,41125,14.6,1.6824,Overvalued,Small
976,1385.09,4739681,32.14,89876.61,386.19,144279,0.43,0.6229,Overvalued,Large
977,3015.88,2716241,42.59,74772.77,16079.33,78094,21.5,0.9575,Overvalued,Medium
978,351.99,2943586,40.3,8567.55,19617.8,94302,228.98,0.0909,Overvalued,Medium
979,2532.19,1357008,21.96,89692.53,12157.93,43581,13.56,2.0581,Fair Value,Small
980,3024.53,4170211,29.84,79599.01,10123.8,133753,12.72,0.5951,Fair Value,Large
981,1737.8,3943688,41.21,16672.09,17580.48,75218,105.45,0.2217,Overvalued,Medium
982,3877.47,3716984,7.07,6126.8,19055.08,124110,311.01,0.0494,Undervalued,Large
983,622.33,4417561,41.36,56173.75,15115.28,182810,26.91,0.3073,Overvalued,Enterprise
984,468.18,4118365,13.0,16447.55,8964.51,123814,54.5,0.1328,Undervalued,Large
985,3668.12,1103171,28.16,83624.5,11885.21,139590,14.21,0.5991,Fair Value,Large
986,2527.91,3000737,41.37,36475.13,14048.61,160285,38.52,0.2276,Overvalued,Enterprise
987,3473.17,1470485,16.42,91376.35,3966.04,84463,4.34,1.0819,Fair Value,Medium
988,2230.65,1781076,16.06,57003.13,8999.3,123707,15.79,0.4608,Fair Value,Large
989,1307.37,1711935,23.12,19084.57,16613.44,63144,87.05,0.3022,Fair Value,Medium
990,4113.6,212990,45.26,14820.29,13129.03,192202,88.59,0.0771,Overvalued,Enterprise
991,4017.14,1081883,5.02,58070.77,8282.96,11914,14.26,4.8742,Undervalued,Small
992,3504.01,1768321,45.56,76426.48,13300.91,99440,17.4,0.7686,Overvalued,Medium
993,1433.51,3393705,11.92,78369.06,2452.63,10124,3.13,7.7409,Undervalued,Small
994,2992.13,1718702,49.55,28299.98,8089.8,194460,28.59,0.1455,Overvalued,Enterprise
995,1868.77,1600071,47.97,21220.43,15883.26,109336,74.85,0.1941,Overvalued,Large
996,548.75,3859505,27.26,2658.87,4488.12,57936,168.8,0.0459,Fair Value,Medium
997,4594.84,126806,28.07,68240.72,3800.63,7535,5.57,9.0565,Fair Value,Small
998,770.41,4709688,26.67,8580.26,19021.29,198256,221.69,0.0433,Fair Value,Enterprise
999,4756.16,4364423,33.59,42655.36,4276.96,70701,10.03,0.6033,Overvalued,Medium
1000,2285.43,1973722,9.08,60566.53,5292.28,120971,8.74,0.5007,Undervalued,Large
