company_id,price,volume,pe_ratio,revenue,profit,employees
1,1935.2465823520763,3397291,29.75413732061702,4229.1768858150845,18748.468003901573,49278
2,4758.500101408589,3902429,22.489375938343116,6712.589913173987,6304.862525419796,138109
3,3686.770314875885,4994287,12.365771065938567,44992.16957490992,5070.466032685744,122052
4,3033.4265725654795,2590706,17.320608838134795,28279.245982728855,13117.787070293358,39986
5,864.4913381679389,1291902,46.774288978185965,62581.91667472838,12422.856737866276,49799
6,864.373149647393,2592118,35.41920240138599,99251.78664810312,6708.984687831679,76496
7,384.6096996241774,3837973,27.322152740594895,39245.99413457012,18569.22652664475,90778
8,4344.263114297182,2302575,5.572170049410208,57810.284156346825,16912.760317043692,25379
9,3045.4635575417233,564071,49.658693022026156,42144.78569482621,4557.252662715115,169278
10,3569.555631200623,4481137,35.21547207025895,84879.89510446407,4858.936654147012,110876
11,200.86402204943198,875435,19.261511480522522,90321.40394276158,10294.776903052903,101544
12,4852.558275593772,2274606,44.567089699902716,87858.20560832074,15494.084824441334,106400
13,4178.968939922066,3598472,16.629422913131812,97462.8516292465,976.4035498304414,113893
14,1140.4616423235532,3106316,29.480746063223823,3724.399328901114,13897.369559320663,116378
15,990.942339314793,1664718,33.62318436784213,84141.80005240758,12999.89435790373,171716
16,998.6820982818257,2234793,14.94785171541778,75425.44513087024,4706.453908668466,103347
17,1590.7869905017349,1702575,49.027877546026815,23640.746530636112,13658.924963502841,9097
18,2671.306514997965,3913270,38.66863576905489,95675.68924536523,18809.645505916444,106202
19,2216.530591346367,4906425,30.101595147998147,15669.614894764602,1031.0383149381937,85811
20,1527.0227869704054,2478837,13.126756917888539,68275.44278625693,6461.075900312045,116145
21,3098.0791841396594,1624102,7.423619314911176,23264.131464775335,8819.71666166047,40960
22,783.519917195005,3290541,19.402692463444254,43706.68422863339,17995.28114260132,3325
23,1531.5087778225688,764180,38.893430116103126,72196.82979751233,19249.00278752222,110214
24,1895.1730321390894,2483366,17.119908423591127,56769.13956127162,8937.893405277013,190642
25,2334.742922663476,2135848,29.28002992229773,43322.681301483055,15025.565401629605,113318
26,3947.362210825767,2539855,37.757622952883445,33307.504662266736,10680.054372913211,100864
27,1078.4015325759628,304615,9.857467159090895,84126.30591517025,10801.880401353392,107141
28,2619.748748226697,1625233,35.8384107252143,15237.620681166558,5634.180349820494,112324
29,3002.831387424008,3996022,9.134189946952011,43580.18477645021,4417.429292691202,63756
30,327.60702232798883,1903740,48.430838395714844,90471.99960573907,5831.306383888419,183052
31,3076.969774317048,4068222,26.977735852922283,84739.1054955368,11170.927344415879,192250
32,935.5682060677285,3168893,11.780424846944483,40693.23448483162,680.1882018395711,76390
33,418.75280562786963,938003,20.407263621509593,76547.72799652952,18154.253992692476,56733
34,4749.539132541333,3533382,23.603740218286767,82492.92224017707,3210.045820040547,26755
35,4831.59696206534,381570,39.11832549844418,88999.85497635935,4479.764669740593,121218
36,4061.1470057706597,3282993,38.45407037344742,54906.07113587357,10413.695911308163,174773
37,1592.6074689495163,4181082,32.537322740179896,21241.62771941647,14231.283850111859,3214
38,578.593358631281,3495049,9.766882065132183,26275.598573889234,2005.0081894135062,26602
39,3452.741829909569,166150,11.820621721445312,30273.772730118817,6422.124481188527,49868
40,2256.7472193240465,2534206,9.219061429050049,59786.445600151936,19376.62465092971,48228
41,697.9873507394162,659723,30.972775247939754,4248.152788732235,5320.62503894082,151200
42,2526.366859545224,2647500,44.471229868013175,63968.20440921686,6329.697886756623,186737
43,268.50375346457014,3455745,24.52102305146473,37071.069604394965,16746.319963298865,83223
44,4555.6699701860325,1099554,12.238167828098579,30228.938446474574,1099.2671906400597,108355
45,1368.0219098400828,4293060,30.111904631703517,88070.16050208452,9345.80205929852,166505
46,3346.3591933345115,4258634,41.528849758956945,46540.23716249909,7654.373612588238,3274
47,1627.3842728381137,234055,38.37704276808185,10410.251507736586,6400.0765221821575,117869
48,2648.3333037712728,776022,44.66528508537596,82847.93003459845,5785.421921490814,35498
49,2778.8803687820705,909942,17.505594376199053,5716.484486214154,1918.344686722143,167101
50,1005.7868320750825,3979275,13.727924027049868,72948.17319265146,6365.034004097812,135493
51,4850.9646760463365,796358,44.59174186738724,77616.71595529585,956.7428140418045,123649
52,3898.150834469461,3695790,34.59021407501103,35907.65798695696,15641.180886524262,186593
53,4703.544813664526,1941648,18.99180185033994,82653.99777150089,8024.733099764432,72735
54,4484.6540170954795,1788472,38.405662275762914,52050.281179788886,8933.68626316624,23860
55,3029.7098961743172,3928433,41.68032730161656,46866.07167400688,17882.532270357617,142532
56,4617.183751613273,2835264,32.67402081535096,5494.924865400562,13195.294178838292,141485
57,533.6132600544056,4548748,35.954784944596184,29712.890171241685,260.37615650818384,130774
58,1060.3160258538114,2800713,21.886695699919983,93169.98711764468,18869.178976929572,136973
59,321.61371566163655,2408989,29.24130503043676,39790.5723650665,4819.174872956453,14230
60,1694.1186207399953,4237270,28.587162682677302,55123.35153512006,2241.522276721191,145443
61,2004.518719478462,4417922,43.162150600884736,53670.146219440925,15385.750749779556,147247
62,1429.61025569209,4215625,42.798379112698214,59452.67789244664,10059.498585747691,107315
63,4160.813794844454,559297,42.47062112061695,7071.764608684979,8732.034263758549,150156
64,1848.0913007985876,1120154,5.496422641810961,36855.4492250741,5065.111285686561,88195
65,1476.5790974681656,4177151,38.72954680109997,72589.69911437287,10994.682648260141,61042
66,2759.2108074754174,4834963,39.140437554995216,20855.46485622531,5560.2536435314905,144033
67,790.5287023763369,2903696,35.527047028481384,21154.259377089682,18041.501805212643,99070
68,4030.7652056947945,2193373,39.031909605115366,1998.970062213448,4382.569146690536,82303
69,465.298154030877,2472280,42.888666717351896,44310.710734212764,17698.667494069494,192419
70,4935.745989342535,3016623,26.164357434580353,88390.70368666878,11232.167971974404,152149
71,3883.9993695536214,2806871,27.59225960698012,6138.193415143593,16586.913864515296,181789
72,1073.7068395174447,970123,10.612132561012572,19920.75224010426,14285.635317633005,188645
73,127.05837390565176,3086249,22.341914737131283,31698.369295932753,13964.232717591296,88277
74,4095.7609994286872,1959582,33.95143309603029,73440.74891985707,6554.4815731316085,73002
75,3563.600984853324,4544499,40.11798992662735,64422.92368745607,4754.548936296849,92272
76,3672.135123400838,2229885,14.774409396104474,42178.44655360365,4296.635930847684,146802
77,3879.2246987611343,4820642,11.202030462165594,76147.8249865792,17158.113975485816,20156
78,462.81879349704275,2307148,34.83689020252215,61353.47015403329,16426.493723154497,138554
79,1856.4820698669357,4852525,5.0845947586209785,89708.03916606469,8867.413207444915,55839
80,667.7583916731356,649239,13.026766293829843,81984.6481647306,2734.8518085794467,81785
81,4329.206786790408,656701,6.308212115477918,26028.547002830855,7706.819814351422,48739
82,3154.160821455034,3147569,12.509830303469192,27872.41918578582,12424.934737324536,191010
83,1721.400321777981,4728120,13.159367596647735,13410.291103446178,9142.622774151061,177213
84,411.4359164015158,1370464,22.44531176376774,34359.507846028195,15625.7664428116,1092
85,1623.8133764067447,885332,23.10472061089502,99954.84795319034,19952.69416280257,72494
86,1693.3982779310604,867950,44.3418111774607,41169.36569289104,3903.528560133047,67757
87,3675.0702738565137,266472,27.954937062447133,22828.35503422153,9247.051311225492,27260
88,3224.0316096405445,497710,37.55321445255288,76485.80556307975,8676.579648224359,45256
89,4447.342438624,4417048,9.686181106412935,54704.62934280295,6159.401401704122,182547
90,2413.8531332935518,3288729,15.144743995866223,15810.543503168301,4042.1007827337626,86542
91,686.0118050976783,4885956,36.63245484404045,38688.27843492571,1407.2731181442186,150744
92,3594.8994573926757,2950171,7.376178221083764,42032.50183839499,17753.6744127516,118025
93,3827.8467382227973,1010775,26.89689480096889,75629.14035635264,8454.98908395772,4236
94,2850.2582680905316,2696874,31.971603454832024,3046.465520298542,9988.220818150972,61968
95,3877.7391817773487,658924,32.09655398236165,27632.945033032738,18347.146759198225,82363
96,2519.5984221855147,3981185,6.031976507061891,52242.03383023668,15548.180502567362,32267
97,2661.390863971771,4473656,19.494860190313346,27615.827502831493,2696.9751559319657,111057
98,2194.9509899568934,4112595,33.642079297211936,63214.97069448089,11351.857355394073,15579
99,224.5537210460664,2390435,11.704988126715955,48704.88044818704,8900.820302739226,119492
100,628.6679922671918,531413,36.2937041747624,36809.31523109848,15964.50034431738,162548
101,254.00300986499784,1452564,38.566634396615356,94971.6540601807,14512.227697477789,135995
102,3218.411015192524,2524050,49.18861357007654,63583.790419459285,13839.073866030332,19685
103,1640.3443072740008,4265100,14.442889768538423,13864.19585452618,6876.842226049948,148444
104,2591.9963867070437,963561,42.130880044975186,56449.07804689615,16118.778234945165,26719
105,4547.075722237856,402186,28.41334596133943,78292.4534668892,1142.5867823377382,75169
106,1321.5319228294873,3307393,21.805816826487803,71140.48005178693,3276.535538500128,39995
107,2110.8763228745856,3928464,10.506954079633008,18036.83370023068,6778.903132260443,3820
108,3802.2005788609385,1126553,38.097752291939194,97269.57990497023,1628.4680772786974,19367
109,1221.11101090895,1335202,15.61359196146592,45432.550928913995,4776.386122940363,146868
110,477.20155816108564,245271,21.713990084287058,16743.47537028587,16620.00456165857,161140
111,1519.7821192774634,2315685,7.81440021038158,18839.379658686645,18970.20560202258,53464
112,889.9843075446216,3843797,41.061511211878354,10725.26422671897,6161.586879906391,154517
113,4655.518496478608,1614542,39.496483578723954,80548.2927350585,5363.864499377881,51667
114,4059.789859865643,4280656,38.012712351904064,13081.018937863017,5669.8637797038955,91329
115,3203.678406901075,3030184,18.474957972134902,13387.400457032947,5626.609838281792,192779
116,4370.156891919817,176898,12.806603341968076,85196.68986132293,815.0106255008625,150557
117,4037.993176805661,3395097,33.68989690116034,35115.8043603084,18545.635291989052,198072
118,1014.1932885415756,388316,27.327487285094875,4054.932526499172,4352.5930172495355,199416
119,4473.539092600891,2108954,13.02136101070887,6137.634652322677,8458.08107421996,196597
120,2742.7769853866885,1929553,35.86600719724387,15074.87422368566,292.768966545258,78618
121,4056.4567603039063,4188657,49.60068943195866,22125.941449593265,17173.306309209638,82944
122,4490.847369625117,3141341,38.6248814483917,66849.47322960214,14650.031154652852,164091
123,1658.217027362133,1139504,38.29938740085253,16575.301720180996,18940.445099956694,90797
124,639.2544301856161,4187810,47.76407388187663,12768.564726530127,15654.14803600834,57296
125,1216.8822964555143,2205058,14.132136540870599,76707.19500615164,6342.759589836098,115700
126,2192.828164268656,1775843,30.449748421464818,67434.47310213152,5032.679838695631,100725
127,4108.2723530202165,134701,49.08410217652475,44097.09792406838,13984.55452031053,131667
128,4317.579857956083,3329028,12.438234993657854,55381.66737653029,7345.844222708939,44855
129,134.06543960283443,1821610,36.511338175003445,31886.41801231543,11367.67881347707,198856
130,2602.661782630072,2280712,31.361456568735587,48767.541603300706,224.52367342675757,33424
131,2145.313915429017,2439767,31.391559148491815,51160.59224929183,1331.5254634414573,79029
132,1188.3282713065782,2714235,36.39517823840338,39336.4898466315,10753.822029514859,132724
133,687.3402999350458,591036,46.832761529405786,90750.64885654411,11364.825764318486,51372
134,1754.314339877777,427304,40.216187293310206,2590.1246331196085,15053.913594740938,167025
135,4720.257549171344,2562616,7.52612465372945,78434.95504603337,2726.1098605168386,164096
136,1683.6943669017007,2810241,43.37276089440701,13313.900292891109,10312.343366759898,74562
137,2642.0740465424938,3533803,15.149359846657967,79957.18869318275,3969.508124190603,155061
138,3544.7928985863714,1242953,21.96113741313674,61975.2796519954,1954.6027792976242,54775
139,1881.7850516585404,4061352,25.777976612557197,84484.53100270384,8268.866301805036,73691
140,4861.732205332707,4078702,26.640770033888135,10653.918238448849,3350.399296972239,153806
141,4815.991745216345,4159175,24.583117966491056,56339.08277587763,4513.46136602714,32463
142,1333.7332495442843,426916,47.1808982397139,50607.70014595751,6419.336139403084,194924
143,2536.5176788726885,3697706,36.770855344881106,70913.1251133725,5261.8291747896055,77104
144,1574.3037181021714,4606554,33.40267906805178,53894.764637473905,1843.0668183783334,187570
145,1495.7184224495913,705409,7.24289125023237,54532.722146177315,1889.3332727080756,40818
146,280.7460420372107,1174135,45.676099861716864,43529.9984140304,3945.6633631599466,113727
147,3086.8652365014946,3089179,45.92255864037783,31574.607976726744,1106.1278403948252,26970
148,2563.1272138214213,1825690,40.10958785435461,48744.171763967024,12566.49469157085,37494
149,352.2458811249478,3380772,5.316314171612862,12730.743518071658,5817.801658527149,52157
150,1465.367674759396,4257893,7.577611298493051,96189.8205593254,5666.9447586045135,79895
151,4550.502841236603,503119,15.13506660208204,71726.66559903324,6706.766055331527,80509
152,1273.8532642681648,4266769,10.910723366520802,95294.24455209683,13289.64585677346,13116
153,809.9848732469932,4420295,22.947621336667826,23446.010850666364,17425.61424152146,42237
154,2498.3185253600586,502732,46.51803761395053,88054.76099747627,15205.829957857204,131325
155,4929.687225141944,606079,26.24271953886492,81070.2084717903,14577.83168147939,139025
156,1286.0708304063521,2050013,5.603118189447453,68038.0888333097,9739.3845934569,12479
157,3393.4641822888047,2723836,17.72355603104429,62877.88942243537,13906.730583651493,146964
158,3831.936115110716,1232658,7.0067708767832695,32338.41686151913,11099.971123868305,121269
159,1264.4239655627584,2085209,6.632943017607597,81824.66771153804,4403.385510911925,169539
160,3668.260108198112,4422626,17.407393389299852,50650.03068649365,4250.908518046909,149272
161,1902.1373503243408,756951,17.402555240552545,8018.266013237251,5998.200936818141,126182
162,3198.2985699085393,111303,40.42069711707218,31973.45292465787,18224.973152299284,113189
163,3204.295582728384,1310209,48.86755937515004,93594.41275598743,10993.555323556546,194628
164,2725.2959519663164,3579591,21.70431922504992,85217.34579987978,14704.717002337202,11149
165,542.4198732666007,2466610,24.299909548746736,98208.66410957738,6996.519320349297,131958
166,4192.982228387265,4280303,43.015524632870964,63171.34487780571,8213.543836237983,161871
167,1671.8223183615055,1168199,17.066255904298103,25503.497240900782,2598.7550148813025,122884
168,1013.9407009592858,4276224,12.037181198155158,17118.689918009513,3508.7696606512404,47791
169,299.7981936183432,4784346,43.38903305316427,19504.529620237703,16564.3954410403,168212
170,2995.3754216223847,558298,7.092526389802947,2959.7701763781843,11738.288770608753,58086
171,3420.065373027184,1147343,32.8864748089737,39677.52898760798,6816.8960710879965,169934
172,181.28036174649515,205228,30.289678136006305,19951.34036945471,16076.739059011365,154772
173,2609.2559856664766,4720650,20.56642013757624,41753.89058521354,5005.746122195861,94874
174,1209.829298469896,1855692,19.183528449381154,93564.44875203777,19523.050702144057,150982
175,3261.346673006304,984056,39.733597678172956,43623.48074121181,6961.870394148778,105415
176,954.3955021244581,1830228,8.889107484314591,87920.46520149865,6812.487987609429,57304
177,3485.594916702083,2046793,15.655293919012342,60944.97189497177,6307.046920180434,20185
178,1995.0031968726332,1669123,37.96019293271404,25466.0239114778,2530.01916689333,178026
179,4689.976944809999,3379269,29.67442626768909,36229.62116666193,2311.629231907047,170951
180,773.8526263153669,1826470,10.759469384011387,9308.034046321513,12997.290187229055,187379
181,1771.2251201462666,3440420,44.69610264269271,34012.79676600504,17514.849086705133,34080
182,656.0202540788864,148874,22.70515309536162,68076.55360484988,15831.358154406302,56217
183,4630.998729564958,1722572,42.254076889497775,8138.9982000140835,2908.0411210248867,145313
184,4398.962831566807,3320281,40.44708569874689,21334.739439324905,10957.084223662123,140516
185,1363.9139758042625,2789784,33.09914509122776,38762.66309991784,2201.271764935136,15996
186,3333.9218255674773,809662,27.251650908279185,98222.9041645803,1001.3634079002412,89453
187,4104.388780985957,4972554,49.07978781717906,78701.32047292913,13162.078601756868,29913
188,2820.4839768373654,570452,11.523428257091766,73615.18790271829,10749.53144023897,65779
189,2695.287833944432,2239686,37.632007739800166,12502.904696019152,1732.27133570827,141853
190,1285.0762254122133,2692670,13.603581565915505,78318.59346788416,795.2910034791701,3328
191,556.2035622489061,4910833,20.221839739955676,78741.6123400855,19796.15262684576,135754
192,4496.3572139713015,542061,18.891443451793787,60509.1668668085,697.4245097665304,11497
193,4512.0484801003195,3434732,47.61661944824254,99045.81641783881,8946.112235698176,169971
194,3202.197140639013,3861675,48.53102800047238,33200.13668653064,10141.918589693143,37111
195,1761.2459761386333,2361286,13.235694990562722,94185.97237594331,2433.874941228856,79283
196,1811.1269156020383,588972,5.991582213387688,91558.38038069385,3464.3293909503536,93354
197,3657.182826464173,1223994,37.400361784840086,2136.5853151884066,7100.919627566015,175436
198,4495.840273767628,3181328,23.809547024171795,45561.53612100629,15257.349936651886,42417
199,4446.7234788990745,4198064,8.997811028940397,97733.31907210576,10190.940238799307,179086
200,3921.390174702357,2717703,35.76893475096691,11209.014878399503,12794.247303603936,102589
201,3245.95506615601,263038,29.529748771731487,55230.68474394862,19704.97364630443,176426
202,512.2858284757392,4063735,49.12325699004977,97916.7931970693,15383.308162732872,40196
203,891.9806990636075,1474572,15.233427313762052,55994.046986480156,8743.793813010232,53885
204,4502.915523782688,2455874,23.179004434694672,19791.714994243444,8984.194243751319,52444
205,3071.5023923319904,700530,29.414561152794032,58636.139779166384,12413.564333115999,120482
206,145.06555292148528,3748966,40.626499480400824,21239.616821005136,13340.767647536197,199718
207,597.2105600435573,1177833,29.69773955240264,52450.722026553936,10064.14742414976,196775
208,3351.1586686294736,2677640,32.58050723878772,8330.179573322452,12932.7383340181,159584
209,124.80176084647157,535423,15.176617321547333,60942.78425222606,568.2966388405655,110589
210,887.9594519457434,1292929,43.11134276398519,52162.20397368766,8649.494991547199,182830
211,2788.795567896272,423390,24.288374613671408,74275.97550738485,5650.867713862188,180721
212,3490.286468694197,1764221,11.343183238479618,63439.34664471972,2670.571460337897,11649
213,3294.6101715627424,4168316,34.888456152743785,55411.02058454491,2080.975604894625,25839
214,1198.9196163567428,1756671,14.724070393338838,69288.10607556399,12103.524095731884,21309
215,3589.6781846029257,238563,9.390312960768489,15250.249443650855,10519.650888336973,107151
216,1262.5205287343204,883066,43.78941087819225,59940.606464601806,5146.323928227746,15216
217,1694.4585209804118,1654623,25.707301901979786,18038.94967945499,9471.906169573038,20145
218,3757.807885078318,4999856,38.717767071309936,92626.69857733621,9895.423072129925,157499
219,3283.201205331352,4155957,18.07644019128598,7765.0763797148165,3980.6787107284545,35809
220,4261.194711421472,697897,40.41365607129499,43607.100219388536,13076.651931444847,43717
221,3322.3031722716823,4041237,10.037116715968864,69883.95028788903,15640.2951920832,191311
222,2884.712156343811,872800,21.018801820768374,46344.19895515761,15850.124463701428,158077
223,559.0063623576532,2142999,49.01278180880878,10117.430070057333,12089.149630998756,195320
224,1901.8074349912242,3622554,40.729537236560276,55784.522596544026,10281.60779212838,119879
225,1399.4916016404547,3759985,27.37651686416097,64521.5589739081,1314.0421458073583,43019
226,1295.5492525575096,2002897,20.28998622028483,70675.43878806026,5827.842847146957,83621
227,4867.751718286983,3676511,44.24610650101145,37952.72163181313,1956.101790885581,189618
228,2026.178850867126,1263950,29.518149158803205,56802.33713184746,19280.080901481626,183600
229,4471.028120367855,649148,39.12912580411,45617.961018952396,2788.094909892638,179066
230,3192.579267386588,2873707,38.934845614227385,67533.54783647308,3120.3306560369306,6547
231,3994.575387354077,4778394,5.807555535582132,58772.13976515704,17802.574704776795,5599
232,2562.9217562154413,2873939,10.681420225667605,53049.86573635435,18884.172841181513,39141
233,2926.8290346691597,2035740,34.6833214877634,25702.912316986614,15339.997880774707,31415
234,2513.336699712433,3534955,12.272891507864216,1199.8332570751577,207.5579810861304,132471
235,1056.690640210418,2845226,16.49720050950221,18234.085855831498,126.79079203561763,120606
236,3640.015364781376,3277326,47.59870793898232,12589.538100992697,7624.20531877027,136166
237,1475.7845759601935,1654510,30.208201626871034,45459.38975608373,2953.5678632167615,138661
238,219.14823551412383,1930815,38.782827814970624,61613.55692542262,465.88422881678594,91747
239,3262.8142499451224,3863122,30.109133245218793,22095.41585979601,9334.927119149643,32455
240,967.8423290945399,2486378,29.863112665222634,93966.65250075153,18866.931758398732,73905
241,4708.24706332928,4521590,9.236835955656407,1661.53079316489,6544.009540558385,68467
242,4774.250027312678,2634937,20.46484366740964,77457.80050136894,13256.69950073106,110006
243,4582.835512080198,3257473,17.709390440893028,62895.27218351378,13079.483527335571,117509
244,1913.7776312516776,912461,22.582776452612595,37981.925303720505,5096.494062936838,77455
245,175.7374209914504,4527036,40.92548847009477,5998.4054968283845,13043.4624515949,116320
246,4648.760956679855,4155555,21.73697005625892,63121.17060664365,4325.446088309136,87273
247,2198.1023267548403,1818224,25.326356865425723,39175.737773699155,2527.947530180092,2096
248,4836.608613313981,2810626,22.882162571839242,93690.44680190869,14057.527382637832,44487
249,4821.7378877373385,1024044,9.203358738888301,54657.017414086826,2357.472260367943,3189
250,4279.746331790065,3081352,24.84824712128527,94025.4996180573,19938.49344992817,98927
251,1542.7995711409699,1486652,13.802417287003177,22827.885653857105,3750.7027828895634,20759
252,1986.9788701494338,385555,13.402548309786866,72846.86512604622,11923.423068853504,45278
253,4270.569690432599,544191,9.231624699541985,62107.65306402384,8286.35397111053,96065
254,1652.9178252657605,1602337,21.050193836379414,74201.41475329988,2615.0898058727753,81368
255,930.5144587618532,3586669,39.08668481552378,22252.118533281144,654.0937607905266,85142
256,2828.3261860459156,1020597,17.439876076252823,66834.4571075396,12492.372417627383,106571
257,4687.158393387826,2143338,19.05570958484811,50305.99891263003,16154.47551940361,70211
258,3510.5460037073676,3822946,33.92035959525906,74539.67251572531,16856.111663984204,165737
259,2893.2997334378883,1586205,13.812836566411349,33377.41977102996,9705.998114230995,100535
260,576.1648194767658,2965899,45.363106869059045,89115.64552106001,15571.363796929472,89342
261,3113.5354108259316,324695,28.40857354631995,9345.830146523687,13489.657956422041,113304
262,4951.26386551089,3081467,25.142132314409764,80911.74256032762,14512.665097232752,154056
263,786.4116746589677,3541628,30.101908636814063,86270.64295569398,9902.720203914101,17299
264,2639.81529658231,1201844,12.471544103728796,81907.9788253153,12704.89363081833,60138
265,4399.128052446981,4867493,32.606291238762935,51759.91303191583,16129.965680163534,57886
266,3729.7662269956018,1510706,21.33953314853047,44400.11302304537,8017.895093584759,109736
267,3515.377130876813,3440216,45.373385343407854,99629.9663659628,16138.980127264917,49394
268,3542.1720115368353,3933284,12.598439300495876,23688.02317020205,11881.13517150235,165350
269,1861.5066409768003,4957088,27.81729967394485,55140.72062172841,3401.430384978646,143837
270,1538.6000368960174,1947865,31.91506832160581,67396.87701285024,591.2147287692337,634
271,4065.8696618447166,1019484,6.502262080387155,70385.89595028176,7318.796647943126,91928
272,4069.5556339279856,4997954,21.366190614026312,21198.44190811929,10979.256933097164,36232
273,4348.654361042508,4117136,37.96858556153747,65745.41514164032,16812.42500884942,115820
274,4574.878707526709,444855,41.9169878352038,82018.5870816524,2636.965034790899,36210
275,2605.5777544185953,1174961,19.092289766777704,5951.83910529011,16024.106318903225,189926
276,2557.429843967278,4725678,40.936697257223805,91240.60803920633,17273.880016737818,63680
277,4011.646376937198,3661963,48.5490144696525,3920.9014593753873,3098.6809913165926,153641
278,3284.8232608110493,2477935,43.559327123379234,36241.13221635104,17046.726954153957,64116
279,3539.637698562746,1234106,10.293979467169635,2565.5064270632447,19829.926000071562,46333
280,3999.384080236895,4578011,38.28786494384933,8637.371685418606,14564.092737859926,129963
281,4461.026174906075,2574968,19.385007459824514,91205.66023282782,15716.91666831726,197880
282,1756.1762685725255,2542266,49.47871952354345,36131.22224386864,19888.86382442158,189404
283,1940.3564679357257,4537677,26.84115424219492,43052.38151208024,12149.076885466313,106411
284,560.5115052202581,4642001,10.509525426152347,22319.09375687271,6226.939002123363,34509
285,2933.5726908812526,1318758,37.633349661232586,60112.48124848526,16766.86359811351,150496
286,276.1171416040362,1755743,19.535503927379622,59885.518253101174,12328.266972481462,139910
287,2381.4302888490547,4077019,49.86851706867478,37847.838790696704,11665.788932047035,24154
288,2758.9587100671256,3168281,49.090210603453485,33970.452308734435,5147.347554729362,29809
289,1504.0521354285936,4625208,34.52603081092613,88611.4665098782,15151.051964699443,109421
290,2995.082976788153,618349,10.842190202827291,38945.13972457794,1725.1787896159155,463
291,249.4512247013422,2981990,35.90874489537631,49856.59822328642,18493.31270881376,10458
292,283.00612487115063,897968,9.186371890701224,29047.171480068133,6583.886869332647,134412
293,4130.742747232325,179083,6.321387159607655,78890.1808323556,2642.71559052081,45789
294,1864.9341429151882,2755971,42.033130079966874,40347.367533010074,8903.094008738135,2036
295,722.5965119942355,4097615,14.438882645765661,51847.49360788813,945.1511942050098,112372
296,2658.9919742685415,2974299,22.056220679859383,26082.359835906478,13724.06126587283,91174
297,3872.968410183193,4948341,48.805582548927795,98778.29964178393,18063.839657862587,175137
298,1157.5230347345316,1904673,20.15782258374965,29858.078351448567,16761.533842056324,982
299,3152.163331513101,3038199,18.34204015774919,77303.51055964961,2634.6525216128334,151396
300,518.2025784694631,709996,46.31935998302488,43322.06938531916,2612.7956284438637,105327
301,353.2404337261777,878513,9.983680039353114,21415.523103329848,16287.346198252855,125965
302,2703.637694683925,3403389,39.18120845515843,80172.15763252125,18492.66006460201,123845
303,2749.112095889522,4454385,49.46295049937483,34027.07211387527,9267.329613686434,161997
304,3223.4065173412123,488590,45.558320484859195,86654.1413923833,10029.525226583943,28985
305,3657.8475352410414,1865982,34.325056341789164,91610.46130686448,6433.414623575945,171228
306,4881.6751893664195,2878655,19.132735774672938,86122.55970373632,17895.875853302638,134375
307,2629.8717066758572,3251882,16.44448915302425,4465.7835658737595,12933.567815317883,191413
308,1682.4867174121052,3310016,41.866479719215754,78949.96115550546,5836.206385630633,133416
309,3996.412354366648,2479877,44.59198612782629,41722.607183415246,6045.779133979607,98422
310,1427.0780311841636,2489383,28.644571064556178,87498.56909804029,17834.88145396569,68719
311,2250.959961457617,264053,15.995297335390976,64157.47200578914,371.31707572584725,21684
312,484.4362685771032,4887890,10.08244437850281,83530.67028025188,6522.258797260104,8621
313,224.2186427357418,1536536,8.923076052432403,50443.7452168167,11131.697956205744,181189
314,4816.977231921833,2642637,37.358485130923505,53967.52495529435,3049.52749577656,33641
315,4196.302590509808,3490926,23.905342753147625,15294.375581233056,1932.7652085718369,29163
316,3510.27360985912,3713263,45.741194342504166,78614.7485102462,16323.998988702144,70368
317,2103.8694276299225,4258549,38.28520853270437,42519.57155503019,17898.647334105295,126318
318,949.1421683471443,1446208,13.606718806156401,50507.93170888668,16489.76777388397,118306
319,866.5415090883216,4630889,32.61998384670646,78724.67369547505,17985.87900577322,196124
320,1326.190201006517,1878599,24.59774544791717,60285.69460786446,11106.928224061594,170735
321,2791.2106570599904,122431,30.97623788458759,20908.774016824074,16263.936607707803,170924
322,3601.5200212303052,1343131,38.213110550233274,59433.03325593838,7742.448503982899,133739
323,3334.967145916883,747008,41.278814645170584,41355.65293998592,13358.730443432865,147293
324,1471.67609503512,673441,42.96817968830259,47483.0286623424,19777.827074644374,132846
325,4778.839875249651,4562816,16.428869355741114,3802.8161658641106,4591.981704398636,76511
326,3715.6948918092658,4470380,6.400201996281096,21792.905602111878,7859.0049511925035,109976
327,2816.3348573058634,2149949,38.26826308241479,28822.770056721798,9652.942808470703,197447
328,3097.431656548326,1368300,9.785467681509857,71583.04077802176,2846.5081916990293,198253
329,2156.0403058961706,2047763,19.171381487583545,2137.7548565134157,1712.66834825463,160312
330,1313.8818485556715,1729849,5.171771035595621,41468.948861684075,16611.485039800325,140499
331,1844.2661253911817,1985077,35.6751267080729,92478.66017214755,19538.208019268965,23431
332,3813.4459412754086,3982149,12.520940516204956,12076.18103836326,8154.028770210208,23104
333,170.52809428580377,4973062,34.48770843612462,52126.01443364249,1844.2317402736,119343
334,668.7559384838895,150861,49.62841777255275,78865.71585669386,1409.654037742472,141664
335,325.41294590658845,4945710,8.270189222450732,94310.59944449156,17837.232306569942,185969
336,299.5711313629537,4100737,8.468510537815732,74930.88731383807,9329.90356958083,189267
337,4291.756861653936,821001,20.31710417000037,72335.9893157962,6468.5435995916,144921
338,3547.923510962116,2091083,43.98739314131039,82822.32092938048,9581.57929766405,63317
339,2423.4517625278936,4619216,14.698844095609934,45173.92087677682,6434.251484377712,89144
340,579.3873871899073,1723911,21.21700189686564,80778.60872916547,9831.811928621637,9145
341,2508.9177880724787,1543717,8.08274329821408,1788.4760697996614,17205.172298666945,20216
342,2420.0116768247717,4509352,39.34198810665002,92531.54448230368,11886.797284135704,18767
343,948.6891625590744,2957733,23.3737854241753,44887.34444220036,13923.61007892249,75157
344,2225.873081266068,1305663,39.16619298773793,55784.63859870901,7356.946457063298,74305
345,2052.6731985471297,133320,45.66235299560578,26233.34264257335,14796.266982359322,27402
346,3117.6654804558607,427025,15.474341619557993,74510.55245120171,13365.67998909951,142455
347,3211.958889251455,464359,41.33282136529781,8586.944841049633,2479.2837552659234,162107
348,321.98964788301816,1408507,7.659225053521397,87390.9444521367,11495.592777000134,72634
349,1935.601811669709,4166621,45.44813246811113,82983.56607162794,5209.195576564184,162796
350,3166.7135869997583,1043187,34.284584640143635,22389.951508231872,16101.503825708496,13540
351,2565.3676670424297,4093710,44.34020258622582,81123.11543024097,8576.160398492095,111101
352,4296.800221822779,1697690,5.008477980046186,78849.41557308666,19894.214887410093,46601
353,3327.5987949328305,200734,12.608648166019663,63589.443177640955,1940.7587149853794,132441
354,898.3786926990055,257702,22.539172434192142,37978.497513069065,15628.922468529156,7968
355,445.78686226210624,2951274,22.077630651862336,27878.376664004918,13506.664497488913,161423
356,3247.8544632109465,1325811,15.20286723155798,23946.575438645654,15373.226728755038,78009
357,229.9054216539469,1247087,22.172537294024004,32542.28731359711,6219.842930260081,84623
358,2970.30034823997,3181091,10.798192040011468,90452.2858998205,9891.884338709771,169901
359,4707.128182982292,3929049,23.574250816971173,8686.436822889347,15950.519542501797,15834
360,2919.823471591807,2803381,41.10594481216689,83058.2563490429,4727.572499255014,173601
361,2002.0326384119574,1968670,26.558152839650806,35540.11742914053,4598.060616094176,172509
362,3252.1122703675305,4393122,5.810004002534674,52638.34020512446,11065.913970569154,171497
363,2345.4391634084313,4446664,23.964981871066133,79654.07773120058,10518.915232644129,83700
364,2773.522267648081,4913673,6.222875724087987,88553.27815527417,5717.023161217364,193686
365,4713.177563004973,4855469,48.48095348180592,35133.36058719205,6031.705445443973,8533
366,1991.9029252237938,1032817,10.735428174029103,46722.504646235924,5629.118747810653,140283
367,4809.833762737179,4435702,36.845974684877845,42037.09041686243,15453.090033769904,104086
368,4536.218145584712,3378360,48.77493453014386,2311.8523168871443,13072.827224692966,63853
369,1059.3765604675525,3062732,42.17175732499573,30298.345997007003,16665.10194986403,113883
370,439.8703742883107,2280338,36.46919188067916,46459.73413952362,19511.913263449034,21851
371,593.8122067493906,2092825,42.775740927534514,41698.26727916354,9535.869495812529,147625
372,189.28694569259366,3932978,49.18094119672824,72470.99352405226,1427.208239968432,170140
373,562.7705077040491,4215811,32.96050237640883,39095.55810488922,1057.0369771995051,161249
374,3446.7331897401486,694604,30.16331630731969,49448.26844809635,5983.734281505221,165947
375,448.82437745512203,2149927,33.27071497084766,43531.25062110397,18657.63732811377,189316
376,1662.9805884394304,3274108,28.970414904269973,74321.98874054269,10511.93979392041,48670
377,4239.889023750327,2831638,33.57900976593734,86434.2674997093,5508.55166999457,177269
378,214.03248510554675,364500,25.242899358765165,53657.0188217439,8043.419210769289,24603
379,4090.8955646857853,2267478,14.82994322974882,79153.78722532393,12012.04263735295,133951
380,1481.0883963896597,3076031,10.411125193025404,30381.88151996521,13093.69819694306,86940
381,679.0076553461156,739282,8.075342098951719,54595.591405569605,3162.99824467981,131927
382,3514.012110284338,3003633,16.849210268894005,35177.76541332727,19542.930363249,39363
383,3181.8199492214317,2040369,7.075560395108022,42005.8916316112,10940.967316957498,108591
384,4399.6128662825595,4048242,30.522685096372353,73508.9726164542,2800.1975240663583,55187
385,3701.8481146390404,1317060,17.77228011605841,88284.58575093855,17883.34154158806,173453
386,4037.056558885758,1131519,42.104066363916445,13028.043717688775,1585.304778480633,51582
387,1481.9694055994019,889352,8.34083928447739,63829.28639225067,18163.9351202325,186029
388,969.4537645206418,4778714,15.185817245366867,58632.23695020205,19931.65656015075,123089
389,3778.012283040206,1490281,37.86107661905657,12723.088878417257,14038.592803214427,148572
390,4053.4902224095936,4041106,31.946373337257114,21977.5387135708,15431.899699372396,40215
391,4953.475195803299,2422466,7.9021072062125395,31789.246978535346,6812.326445702979,14349
392,2121.8266168659898,1951317,44.47577557229902,17526.176010932646,18837.37936940528,177997
393,1922.8886203846375,2046830,44.47677932717808,25129.218769909836,10641.307925556515,110461
394,3904.4235076357845,2714150,19.868360174409823,27492.479087309042,14674.530087291341,24700
395,1769.9373472397874,1668560,20.31826295073041,34231.7094708669,18489.74354663446,37806
396,4660.710895457467,4760061,49.50627612575782,75189.65482731475,19506.081521912616,19322
397,4306.222484030758,2705214,33.17792772169122,57619.30818120947,16680.76669627382,99141
398,2202.07073413759,2329180,28.90924342556266,98638.42052318875,6130.048388942397,104604
399,3779.2682321783373,2428599,42.7168482598366,42058.846869779634,19334.29557938644,41239
400,3797.2600830149436,1095843,17.838065226079237,75632.64230985558,12599.578671747078,115019
401,605.3069572960698,4288891,24.31321670283606,87275.37371627685,18619.785279404,41402
402,4522.509242729877,726045,17.04995039697504,68218.87081076615,13554.490013705601,87938
403,2575.7366249945,4131419,40.512238096492915,41774.6093013321,6214.055340769638,199331
404,4149.641583927934,4595511,30.80072055358481,75605.86844382955,7463.488030442038,139818
405,1668.2430450499976,1524945,34.647128156303175,21163.046639495802,11054.388364348515,144715
406,4488.063819631382,1491538,16.353826242773295,33427.664352833104,15821.295347041652,153957
407,2007.0882257973992,2463999,14.91013856197918,55121.84025482959,6427.852771672665,78453
408,153.10449225346196,820488,26.97685830423224,57965.529341328685,11636.650206070422,162578
409,4536.3716844543915,4890691,38.19045870917721,3192.006071790316,6977.9373721703905,89092
410,547.3047162520545,519065,28.635789088407208,94566.30468684486,16333.811152238633,51528
411,1664.636824193033,2884372,6.469055489555087,69966.09985052161,9387.889065982214,23877
412,4755.303638548944,4325889,44.084817784413,50074.67127295722,1626.784254372416,58039
413,4757.9750199940245,1563807,7.910910208180921,93379.59620642253,3404.445177482574,184198
414,2909.845651804102,3192195,48.01210176743385,44470.460959832024,1315.9828856306826,86550
415,3196.0023396320166,1716449,6.131388122477272,98063.1214567668,10036.128625685073,160725
416,2297.3830576937667,389102,36.250270525881895,51716.19096710502,2216.1122172297205,23648
417,1536.732781320516,1436737,8.699317867030175,12314.291229799966,2371.385389261679,194393
418,1710.4562723125882,3160006,45.98044607458128,76715.29627346844,18826.860374763703,168437
419,3395.340434777488,2477074,25.899495630149424,68210.87478270622,17465.8359363035,125649
420,3786.635194244632,2897753,11.188569866765693,77525.68540925308,9096.523276546182,171873
421,3978.737314256658,1190805,20.336706490543097,95192.76084384242,19717.525884919094,182459
422,3969.128899693314,4543778,12.417110390604293,77872.4409624508,103.71191059619596,137899
423,546.9099049385828,4262065,12.67618602006905,61522.32361944804,12318.191179840536,181889
424,2522.659493042649,3110087,47.6648744077149,85873.58133372325,12366.920729700214,163599
425,382.037924081557,360116,25.036075052815466,67651.39749609862,9203.116811810774,147864
426,2792.691523386304,3068462,40.49610187574118,41403.786625766385,7999.264661392428,31725
427,2263.4994567295475,3142146,33.78225025299568,88676.35665993555,9162.124396064091,25018
428,4449.750495515669,2718137,35.43918630522765,22968.145617652914,8357.71267798564,172308
429,1819.4835615051857,4314279,10.926204731241732,71749.4862159637,14636.800301897758,114926
430,673.6283804952687,4452099,15.538300106696855,88274.78203913494,2793.5731559683527,114981
431,800.6592420588956,3662223,40.403765081949665,73400.33545062633,4033.02048976349,183581
432,3831.402095415614,1357949,48.684479291365236,70030.26648633184,3692.3127450092297,15677
433,3129.2685102496794,3071981,16.820403916939327,75511.19111311177,5323.164643913165,85255
434,595.5011130016721,3950241,17.220594413796796,47040.46958176379,10552.642533753507,111876
435,512.1233499634875,4059076,26.28037097649072,87542.89753354558,2313.0540720305526,99346
436,3534.748744149688,3834340,49.272814078494704,21140.21103847303,17376.56897699743,158861
437,456.5387311845483,3421765,17.103152562191198,13611.25518403359,6017.494473038599,142326
438,4127.114290522745,488076,23.313735933541874,29265.369231732642,3334.505950627286,95048
439,3560.5869130668316,4984797,45.116600703057806,53626.162280724326,13544.86406100504,21441
440,498.60902514530886,3209244,5.131446467961291,51545.61774552447,857.9173819264537,97654
441,515.7047990174403,4916909,6.78946842448563,82239.27700998208,12437.374440995867,107898
442,4934.533934655759,2298611,32.18322546820487,41052.29698399772,13994.148770462345,46430
443,1933.9268992049895,2060826,45.832107412078116,48950.09820285936,4376.838974595712,87859
444,1916.1465206277655,2944664,15.748549718086744,2323.400642680168,935.0850615283223,199588
445,4082.7178795617624,2713275,26.133879860631904,41564.18440785097,7336.542642497047,86907
446,4741.518029180907,1478369,25.27093857460182,65129.64906208387,2062.025181814536,33413
447,4931.405212732067,2523970,26.283710574297956,2535.324732032626,2417.9092084994077,47000
448,3791.553107768814,2190212,33.01338630783853,28807.314553438133,5159.798505752805,78940
449,1943.6719691014873,4271774,26.13846933458077,21587.679569649605,5979.811700072511,165867
450,509.15351182347695,2341984,25.1360663595106,5156.557462049234,10646.40978632627,161397
451,3908.0198880444404,252999,26.342978919406722,48446.74890153921,13599.99852150996,86172
452,2836.1808237054447,4642923,31.589034857196868,18990.606029587492,11896.141723316678,96467
453,2178.687845310184,161367,29.165336975811126,74565.07242350663,3052.3707120613844,49256
454,4541.136486964207,853315,43.43611989427269,84944.8604925715,3524.512045807266,87553
455,644.8676633001415,4700108,7.2273584072149974,55012.93308424563,17587.508070878997,159001
456,2513.8630110252097,3105334,42.499268216285564,98189.02690959301,11211.211069775862,26038
457,155.63285936035345,2954190,42.97660756752758,45597.37857558894,17411.76287466401,59264
458,2396.4371457712186,1384382,17.820860968893236,51823.45281226664,7493.7755752655,185702
459,375.886050841003,3953321,25.82833797571328,98932.55764181726,12326.560147883345,199371
460,682.2077897135524,2754837,24.734231984184596,23923.295160539834,10520.901979486754,60382
461,675.878609207814,3584239,14.832942545935863,94312.04802801363,6450.557447427205,47901
462,3281.1304803687117,1142377,22.855858118884242,5240.917956792211,9451.315903468547,140637
463,3755.6199084005743,4677033,6.997449747688449,45192.302136056285,10099.568448855947,3426
464,2958.506948976082,3357181,17.50199327517805,7930.347701173511,4095.3423976579043,134831
465,4814.645487525256,1023780,41.750697895282315,73194.23954845066,6368.706410296958,191461
466,1936.86583966615,2966451,17.80530357933039,61232.48465212176,15849.054035088815,158766
467,1499.9892227811176,2568152,41.81930009367114,70956.79208329205,18324.18596513713,115919
468,4356.135728128355,4507871,28.92197590719939,38073.55959683368,7259.902461551459,4863
469,1195.619608745318,2042811,44.5938204812522,37578.71146910665,6208.748415959461,142000
470,4819.790443258996,398090,30.865079941898685,5486.608617128566,3984.423574980462,47688
471,159.55692598010006,417348,6.335070037913292,35644.54901343434,13601.974256146566,11321
472,4852.4062508674315,1426283,35.393909339619015,92999.55182394388,6529.684063160112,142383
473,311.483568557823,192324,7.018410561060589,38543.42718086445,19756.21582807385,13669
474,4466.601257120548,2420688,25.27686585424103,83305.40291597504,6581.127561072669,37960
475,2685.735434522869,1905808,46.82420125129013,84390.22497024348,7943.3073309743,45437
476,4965.527500984572,1420567,12.434177270203257,37950.874481544146,12106.350504619491,183483
477,461.6031672034544,4320459,22.544255882369484,63566.879359222716,16053.517434506968,144687
478,2813.885993566472,4636119,37.84371389818153,10441.788625032805,9443.42144037811,71795
479,4849.582424533585,4115470,44.70163502426814,11264.179492693373,8510.85507240027,106849
480,2663.1794364337293,4754798,35.19243521341286,5817.108702509618,19913.192888536683,156076
481,3184.0533268627864,3377419,16.617796438602614,58520.494244135836,308.8234586848944,191107
482,3509.168576024624,3722138,35.35735338122973,43181.02678498361,17911.799248139792,43890
483,2327.251217362089,2640476,18.35274384968405,55255.20330975977,3067.902436200775,68680
484,3175.034592411911,4329011,37.329315341843085,52586.2458603304,15739.912996557376,5736
485,2963.140128423191,1037841,47.931490741326826,35670.0961179823,12396.83804094133,77229
486,4515.674251405846,1667053,37.462705299782975,68069.86806752381,6902.760981412032,134064
487,322.68726367314355,2016545,43.829622631058555,76091.68621072268,17490.111614868267,21772
488,1476.7196290019285,2943940,5.0946729429147535,2448.197628889896,356.8538368217403,5912
489,4757.016271975138,4647603,37.29074561292175,21516.987677118952,4611.143976290981,754
490,4462.29254106549,4032441,42.331440058936266,71610.35094025034,11381.166645365767,54733
491,2332.718088649993,1307068,6.825143189510664,39275.39709074958,7095.690974988991,17243
492,3138.64972922753,4464406,44.22189772797038,66585.91074721921,12246.51215683472,56034
493,1459.1677966075501,494274,16.55124027395206,35349.303313721284,579.7928488324699,67434
494,1021.7936826464304,4511589,34.93814458901248,39684.76008063407,2417.532716586079,103563
495,2372.1221842059126,1486980,41.0159695560533,16709.208495278806,2629.215180346941,125951
496,1831.425917327659,1308052,34.819903087670994,26564.870946949843,3866.7445537285876,29187
497,2959.914948069273,2955994,9.152815643296575,60935.76399325114,9240.695671930802,142790
498,480.8997211284257,3047762,31.834468348716573,43883.14802020147,15067.361120917067,8546
499,4874.534557564216,2493293,29.731264552496462,77655.96561151493,18120.222874785133,102227
500,4932.432647950054,3140267,45.51445706334221,85405.91053889593,16723.9133526565,48967
501,3520.992398696751,3942323,23.190787833989415,54622.99540345922,4018.068648336103,182200
502,2726.87219508619,1397076,19.448649368917255,76068.46191354985,8878.895989389584,60201
503,1616.685319803006,1280887,38.743284399640984,31383.54680626243,4068.2907953948466,158372
504,4087.5955965640487,1907610,23.57038967375285,42082.15032460774,5362.989151677097,88174
505,3455.1827455140083,4539850,34.07432787522784,71564.98994546627,10120.584932086535,192637
506,896.8230027899674,2848385,34.09025405560732,39234.987288886034,1455.3695919980985,118522
507,4563.543204019828,3815288,44.9617578962053,59261.9885807399,4441.6691589061365,87992
508,4130.432490323528,2024401,31.94115810435938,19351.905129168637,18714.025410011633,120144
509,4754.019575130428,1996220,27.59691244828941,60377.3601820793,9375.714223903931,39248
510,3656.025591102964,3238744,11.249209687843265,86289.85701546246,8963.191866959656,83028
511,3105.7344600853703,246470,10.208192300541741,86995.32434251913,389.8863795504501,151870
512,2149.3908778240325,1467223,11.944470437738573,72710.09622662443,5023.254966461081,173642
513,4670.369568434665,1155146,12.733181659719254,74829.58452853648,17339.219476045408,51760
514,4343.713058552001,2528081,33.70446916986353,56234.81706991937,3376.105722347508,185082
515,321.5714835203281,3779126,38.34415626235603,58882.14092641665,8360.98629674095,35550
516,229.19817503653482,3744843,28.849618531688844,14231.407559641282,385.18502675332496,187635
517,1944.670497702443,4373445,42.3057979645471,44942.05965370881,9618.876085244061,33857
518,4071.711320830981,4306419,49.60684520301349,45626.85210475002,518.3200238517213,78112
519,4937.653033643228,3284790,41.90056831037102,95891.28573110627,16410.230106009418,106850
520,837.0427664072881,3006495,36.26970681541816,43677.59939970566,16514.589972993363,127143
521,3011.240505225462,4241363,28.962171474671596,55384.92184537301,15776.069547217161,162562
522,1966.3651974920053,1674833,25.19838822536187,53791.88852863115,5738.944970933252,56216
523,4852.580549291556,3027337,8.797657124504406,64039.40998738839,16761.02064261418,144333
524,4226.382723364973,2148891,22.971593677761092,75075.05030185769,10905.662838844859,32252
525,4207.810653084575,1270439,45.95605865519604,23279.14574091634,7538.781366453349,106479
526,2396.5964829953546,3746804,41.36101834579488,53343.71749074513,12544.066198114237,20936
527,2132.6155614545596,747296,14.722311425525923,82765.85302428702,345.5868166014427,197715
528,1439.6946524604605,1649302,25.997350311374714,46848.356669913635,2944.9214642549678,186820
529,376.2399335895429,3222951,41.752544115134505,28567.297090983728,14871.64140958823,157503
530,4337.139643649761,1778687,8.032304965348514,65816.19846027362,4958.816013451445,141935
531,4083.21494473738,900101,22.43266635508967,82552.97218411317,12000.381434842117,69544
532,4998.61659910204,4200612,43.33285565932764,7250.88899981174,7763.5417961782905,93209
533,4983.520501662137,2059406,23.17540388765557,77902.25785731549,17110.634998105303,150359
534,2821.6153574528744,1064918,8.492659012914839,82343.14536321534,19053.064589333208,143129
535,3868.0383343845015,596758,29.414046583951315,46690.769831272075,17682.938094566787,135551
536,4729.352076423897,4742929,43.77841227132329,98347.26002502827,5485.3378944025735,159131
537,4263.272214319316,128625,31.562849432892186,78884.1257300236,3963.841094017037,82118
538,1312.0056985416686,2933552,15.182559869640432,77592.59392467092,9541.254383052627,123176
539,2307.6662630194583,3531961,22.29078290618216,75036.01886679512,245.9496016399875,158277
540,732.8811342423254,1376647,25.255551253186947,15910.202218609127,613.6069179773165,132049
541,4774.85003356774,4142608,31.066985921923706,22505.85775884807,11110.483728497702,179525
542,3070.255708809312,4782315,39.17079615886759,46935.02301497808,10456.943142889191,83888
543,1220.3497469669674,2627576,9.449312793828593,27136.430645987122,19892.181581801673,96970
544,3391.333353588698,416205,45.034341485790485,42108.85626107,4116.652523738787,83408
545,3128.8283782436897,3145315,5.553936635723401,88957.94688236914,5236.268190293322,182739
546,1854.9973183609184,3244480,21.652355060341485,82608.36229604765,2359.4587822931053,58013
547,656.4322017781822,4395680,6.233913948769594,63373.94796951824,18359.10589210952,2737
548,3390.708658404718,3670834,22.683840140538106,85953.91903085925,15578.44376472317,42125
549,2649.5077344285874,3030639,28.66156694929957,78593.46651270767,16464.548317991263,99608
550,3884.3601195046326,2964781,28.025662396168027,43469.50825224816,18064.999380493722,82564
551,2648.8011554487675,4205519,12.453275616271942,20905.45005294457,10545.509735844182,28842
552,4275.689351560846,3717860,34.058322954302554,51905.90296092458,9078.7445098694,11931
553,2804.3435099949793,4452360,7.01503027271007,73886.65937032647,6674.790325945768,113868
554,2848.5960605233927,4928761,39.285806905958694,44205.54027422971,11825.370825522325,85192
555,4395.6026530258905,4040285,47.59899952970958,67010.41906860583,9140.140096117468,90979
556,2077.066044440746,4757089,20.289597221800307,10338.41520281332,9086.155173450945,88470
557,756.6746194081396,2727144,28.275772177144937,75052.46890076894,18744.864488249663,126637
558,241.03511393536095,2925896,22.05096251264665,81458.64836941315,19682.22713415469,177934
559,3800.1725528007332,2138540,5.301967563682698,70976.94772227357,15950.039347658658,104924
560,3139.5168016319767,4976872,22.364352630280216,96759.0951651102,15159.485995913874,88841
561,3549.9908636861956,2839956,40.627411666760594,82838.5536886034,13643.10741940412,18930
562,1143.5243913936627,2719980,31.81949789825668,90406.2790597773,3404.889561436923,55144
563,768.2202303751718,821384,9.556696157682152,93423.53726230716,1276.205835425525,74048
564,171.26886177262145,619777,43.12127703622033,80333.45119550705,13845.453670753936,69302
565,1817.8790381523252,3799181,28.89884051983593,67751.62535864342,14602.845822905861,37145
566,2990.5966655877023,2987698,42.877551278510424,1566.1395547181396,1034.7625228529819,107609
567,2021.9958209886884,4330625,31.109968345326322,47116.74956908935,18568.22982955408,157799
568,2243.6271179162723,2532593,30.185980017707294,57545.06756361374,1913.698724949083,15298
569,4530.377603019368,4128812,9.736663333865557,31098.996972351964,5789.420622046928,69621
570,1806.4517884141717,4131464,12.531187991238259,32492.340243443734,13480.557274694218,106571
571,2618.548496883073,3490742,48.7411365423466,96154.78215530635,3480.464628649079,29575
572,3939.899762431601,256498,15.281903603964684,89279.37565507184,1202.7761800006642,19503
573,2043.0596333742237,2987296,48.985345309566554,85068.72154466872,6689.815134366581,3781
574,3148.22483111658,4688887,28.93607179359185,41195.16836890495,15342.834339618064,91655
575,4325.582172859052,2836582,11.110507117877171,2356.15649048254,8332.20571180668,118984
576,4752.651055922446,1200500,9.468599123916182,8942.002399115692,13094.161145967992,93222
577,820.6600565522859,1676590,14.398883181758299,31907.440453542764,11634.420034839919,115360
578,4640.279363291323,2061977,46.65367985114011,2558.5483865720216,542.1477923090501,173464
579,2511.369836089737,4132654,23.636760094770207,2697.8284096046136,19771.945742209562,105486
580,1365.397502664896,764468,22.794542059681145,91743.72686259869,924.4189675058163,136801
581,2349.7652055674803,3460160,19.094281748157833,70909.69170978635,19359.27447920485,93346
582,4902.159618898838,3385727,11.617783275496478,31586.643016747115,11042.297149451524,95964
583,2513.828660565061,980112,26.95330387365829,14131.813182494363,19266.864638594823,8517
584,1710.8828904087902,4652994,10.852150213001241,51651.93607161263,2383.5966283353255,118988
585,3203.664186151956,3137099,42.59661063720474,1529.2699245820813,9859.129531791712,165937
586,1276.713532013146,4374277,21.667864382388792,93902.96064195626,3473.1314281345667,74599
587,471.7303077324532,4095609,21.866160550180837,42066.69681950578,1114.400052746604,131008
588,731.5106373621812,4928426,26.330289281742015,40831.16056849594,12388.82938974,187746
589,727.424610893085,2142823,24.985747092458823,39668.76715059644,4234.890077137659,27775
590,844.3231982102424,1148173,49.76860878766947,7863.504708388711,11795.170663922165,171735
591,780.2531459821097,1602025,29.542150454823613,64193.90173939083,2336.053190784814,11432
592,3240.2862495357517,2691661,8.969076670544181,73567.35834320699,6706.530781510785,19277
593,991.2124135558097,2012584,32.30948037096185,67936.41436124074,15654.487905259619,130660
594,1793.7696882869297,3877538,11.821293179144597,14705.113839610036,8797.325284659535,199619
595,4494.263208539458,325049,6.392194012910389,58305.17663552366,12592.133756456993,57204
596,2422.4120372880743,1417191,48.683396915476166,57378.96393305313,12984.413020836364,84435
597,3371.0329187530333,2961509,39.80925011905538,86972.66800619682,16890.72537534714,115038
598,944.3673688879862,847419,49.10490465861951,38533.63817918905,6565.963608692162,80830
599,1042.2161921624868,1179924,26.50453016100091,37777.108422283985,13777.181695392099,136123
600,300.2562197057464,2480932,28.951588901703925,62234.17881310037,19236.154560218696,28433
601,927.7818090536063,1754753,12.575163016360861,63674.19269645179,14631.842353721573,21773
602,1465.0926612565972,504772,16.110834200041353,47459.237505253244,9848.422486683115,114521
603,967.3513729560594,1815499,42.73471467062727,44862.87687071169,12651.277145389391,40970
604,534.6424154095725,671107,21.028354120291738,49920.61939315039,14819.689665485852,127636
605,691.115768392944,2175406,42.20667382083885,86243.48465082787,12284.287737308061,71201
606,2357.8159633603564,2617334,36.90561759291643,46655.52322413709,431.84868844779913,22921
607,1111.0352201883834,2186213,12.972691637233947,94053.24740501243,3975.9926039757943,25594
608,1884.9223191355698,3458509,27.835086475388398,50896.37259603628,16228.317522587773,99577
609,2566.744627188799,2879499,35.48242946834226,94970.86862490825,5525.747881518445,126183
610,3482.93466028389,2013722,15.57667466617213,83450.3582850385,14658.086179266566,112798
611,292.6294852213848,2910860,42.38098297340346,36880.70093896708,7505.192283309804,111660
612,4017.110954654309,648884,29.517244589533405,86500.50070836498,10485.498130343069,132007
613,3176.711908505448,2099254,12.435892269917144,11896.265135910407,1452.6686664061335,18746
614,500.61925654947237,1087471,31.23429917740711,92579.67035895844,3706.38866488922,123877
615,4380.535258123208,4353486,49.98712118701613,63532.70799320627,19148.219574032766,77460
616,4612.2747626058845,4256532,11.77346712485361,6384.684103708807,17813.74726359359,37435
617,399.28200328883236,1801667,41.754061855378765,64781.41564143034,13080.2747068911,69451
618,1456.7004759212982,3717556,14.328905143440108,97450.51776033085,9246.927487976174,115034
619,4050.3862709860005,2967340,40.207474825703926,7910.264806848263,13547.649728614953,133601
620,3766.472482879926,358517,38.05600654046359,55914.08326822855,12410.344752969386,42050
621,1004.1529948462489,1457133,18.522022352019455,75031.64062617788,11414.18988653178,60754
622,1125.8116843498806,805475,19.662040290400242,81215.60008325361,1277.6237300844823,107522
623,1915.3133036777717,4039311,40.66346263833136,41968.91906675879,12692.771952163986,110034
624,2474.1626274360046,848013,25.76504803492907,21212.489357656057,15401.50888696625,120075
625,3129.44838049845,2888890,37.886811292031396,5191.8855984659995,19882.224927446954,199315
626,1907.6768338918848,1352078,11.659286631462564,58392.88955262525,320.46319662676257,91286
627,2366.420109052425,4438843,43.36510018556991,45838.195956493466,14630.451720882465,104334
628,3762.607596855407,524226,36.98981225070436,94925.6951198214,11478.607387126012,102426
629,279.74769416392974,3767591,45.81242639756753,6999.885863776069,8737.638304011038,77627
630,1336.9410272857017,3367727,10.95675705657376,68854.13900115457,2638.6464739702806,86804
631,3595.412970834307,4217923,31.685652516226895,3471.65598988566,8240.794457834036,162271
632,4486.513504667277,3703101,31.960426326814634,17971.98349434373,7152.105941424093,170557
633,2607.219466366764,4994640,20.905733324605208,45904.320992360575,6126.31479067697,167091
634,2707.356077800047,798956,25.6309891056166,46032.37183748395,14644.504504111934,97052
635,625.1428555649027,4001529,6.709170348043406,68884.35375043075,14044.43787355685,60882
636,2292.3205974349275,3503096,38.56370173821554,91111.0904519079,11821.49981052014,71216
637,2709.8246056296134,4380669,29.71951157314283,64264.18373257716,18779.429784538108,89726
638,1288.1054678101752,854950,7.59834733411282,95399.97468729937,7062.102245199004,171559
639,1419.2918316519667,275211,35.63401518322185,88279.94834792176,4951.658560432573,146995
640,1948.692399212651,4192966,26.005193475403455,58865.47975754823,13152.47593065815,46115
641,198.3488691108592,4357950,6.550756674125,83545.4031409639,4056.399812654319,102977
642,1678.1879113575735,365798,48.63234770816429,64615.18342203977,6368.709092950149,15439
643,1136.0952342830687,1630814,47.71004643902482,8777.225261448988,4569.588557490209,134663
644,1704.7370256717818,1983376,28.08060872662389,74315.90760269148,1476.1559975981745,131878
645,686.834445914331,3991113,9.215258931765959,10395.935685467275,16567.2249585499,97593
646,4463.583675625485,3121097,38.95795497193663,59814.19527640153,5165.356804141057,146900
647,3008.6030224148385,255683,27.136899504757807,70561.38037996466,9513.24731652611,138169
648,3427.601363807999,3103475,18.610136523022096,7586.233212874668,961.9739377608078,191580
649,3966.9390691759577,4926563,27.113817988785055,23848.670738726643,14016.855378427597,189269
650,2542.3667747523805,4830741,28.5099865432459,91651.55099390334,6678.163945895188,129626
651,525.9094116283761,2087755,30.322026456005265,62015.134731056736,14920.260883801278,169695
652,2731.822054910884,2006039,24.855067114489692,25382.315862242627,8306.820903310536,121748
653,2975.5214783023075,4861260,32.258988641257545,69377.29734365265,3995.5365674719296,25263
654,3752.653423503217,1555465,46.34306197728698,60080.865576207274,10312.184137412514,148890
655,2215.131776525429,4292814,21.302063919436602,50655.99429187689,2697.0407367850516,87608
656,725.1434836982625,1094170,37.65724084489771,97642.51052382028,8866.729281472595,39719
657,1490.50193841375,2809644,45.25036505709045,68661.92396334338,6414.379000667682,12226
658,1879.103252353312,311830,25.51906740919716,38168.66985712336,18247.995725572702,65026
659,3264.994482524846,3662613,24.955512637185684,80207.26977560994,1312.4815622423268,40733
660,2896.813692877668,3429049,32.09526434096508,88573.74599919759,13910.946540704266,3417
661,1844.8739568994465,4855976,31.613304174011965,13396.835392166311,3736.7482031499744,45080
662,4933.9247190856,621998,41.29652040468247,20854.74480668138,6448.996979211573,44215
663,3068.296614848747,4160119,26.441752270023173,22406.47390365019,8368.729854935113,192818
664,1262.411279506373,3846169,49.82553273377485,69429.9691292675,18169.500278561987,43258
665,598.7341158399784,175388,7.676220599027635,60700.91595027505,4927.307494869121,187135
666,849.009782003227,1875767,5.142553186131578,62280.16490516023,1917.0451706389374,178803
667,1305.1928690840898,2429753,33.80892402018307,94136.5566692606,6441.92311941142,180488
668,887.3387289718228,1597618,18.429571056284452,77815.2417479233,2183.0518136571136,105464
669,1014.1784178513982,4121080,15.817207491476772,13665.755526666535,2659.070070614995,190514
670,1496.9663265998508,4528690,19.03545860019262,35403.20116009292,11519.626899703031,15604
671,949.5306169442987,3589443,16.522140429722945,44103.97097139782,1311.9484686799171,199765
672,4494.150580669483,2658944,6.385552234720153,40200.19728601289,715.5245397319641,157832
673,493.14535374204684,601174,48.71898690757649,67261.55230702604,14316.840619262906,37296
674,2670.1058088942477,2981777,14.933546980375178,89297.4172223997,7296.777187336786,66038
675,2110.9444522493413,2848996,38.03133931651878,31299.09488875601,2594.969449754078,139777
676,4913.655222852171,295246,39.316837761237885,55635.83650569738,5146.894140108194,57488
677,648.9906206234565,3796176,46.816582910325316,79151.53276944498,12877.52149631274,55601
678,2049.492435324134,2443394,6.3747255692020985,42205.58782568959,5583.177686102938,184481
679,4850.405123049308,611083,44.24217523011534,17643.69471153029,9940.970389896118,27143
680,4340.984916880503,1112384,28.72517813779101,48020.14556111108,2521.7366038607784,33735
681,4103.653147651472,966964,33.46448494846226,6467.029553559819,11803.063388348395,80791
682,1363.7238525202051,149104,34.001162470446516,94295.9619462254,6389.945908480955,33232
683,937.3491782113225,3156277,41.89090122431274,8407.29931430233,12576.671847121459,15466
684,3376.3517776297117,963663,20.003329497159974,44407.214809807236,16187.058157850055,94044
685,4653.94234672517,4858982,37.9873035436997,53458.244847764094,12271.76374586085,193752
686,2828.138175768256,4500072,28.78601493749887,98545.07939644126,5985.376495640911,115367
687,2900.9021784025094,1306861,40.70273064374065,17436.160540643217,5189.299660811178,189061
688,1471.8975589353925,3219612,49.574571474656004,12328.720342623497,6615.677078795616,39336
689,3870.515372640491,2991005,14.029295783169255,1861.9085591918142,3375.9482134064465,4250
690,1016.5143679318645,4836319,49.75918887019991,16401.572250060926,3705.3198319153994,111469
691,1686.0282583807941,357681,9.04154694272483,21520.024927699094,15834.75292781334,19523
692,2184.638549220442,194018,5.104289655716624,63427.51321672614,7756.178272498155,4237
693,2587.2908555538297,2098197,6.987287128002407,22750.97224874864,8776.304093354658,30092
694,1287.807688833893,2154780,20.380208213154276,3031.560658203196,11921.584364779543,110640
695,662.7004412220973,3539782,33.48078488052954,82835.21620474638,11834.104553515797,115240
696,3092.038207964,4523408,8.106329339953234,37193.97439939271,1440.799743286322,176093
697,1514.2897108772534,942186,5.254961653830527,36015.97197149266,16647.661648119545,121325
698,2948.0672849708003,4487814,47.16909628064577,30945.42388762473,3628.7984091563944,67017
699,856.3773048435913,1593293,41.98669861729683,97561.95443749566,14489.12555738841,73790
700,2457.5864990886057,2651314,41.413242701256394,17841.426313618867,15476.152663750516,34335
701,2709.6882195027706,1224905,44.79909239758897,89925.56833137028,14326.500728417142,19222
702,353.93533042989185,3205958,36.50154227474469,77903.52988184891,11621.655166427488,24056
703,1749.3609631502109,4989196,9.698185838663665,8571.515594431996,390.7190424667689,63979
704,758.6319170009738,3358084,22.959508463317537,98686.18104858403,7271.472298027096,58660
705,410.53735531656196,304451,37.54172689090833,27865.230390362045,12136.304644315365,110410
706,4950.805138710732,2080290,17.61505073561844,10759.709775218822,7810.28078885852,199857
707,1679.5338403761425,3524328,35.93328638613069,83102.10917845019,17283.24990876498,155832
708,4068.3847846877106,4849959,6.102430172044356,70960.87783409229,6245.165279457346,1268
709,1347.739208342443,503322,18.776180339581693,62104.661781912175,5941.342369927343,45224
710,3439.3633388972535,4671843,29.71086513247277,16442.105506194384,5393.354092543894,167069
711,3825.116513459464,4410796,33.444042327780906,48371.11550934023,6722.339292319831,146204
712,3018.6298289784368,4177716,30.96682990078599,78275.04666183417,11192.358789852326,52897
713,2410.723323895776,4459879,36.39903242330433,31058.769876240185,14169.604356024556,35394
714,2118.0204793216158,2190545,5.273993670792758,31857.293022989103,13285.101563001823,174999
715,1809.454506060677,2008802,9.542353998988467,1310.9496987640896,16173.584617631444,3616
716,4654.692806814347,1648075,44.10249135256153,18250.096762892575,17729.688510398755,150923
717,4170.035098159873,593948,35.67868898405726,87665.15688706159,16339.97294263269,30473
718,4828.631862265912,4268962,10.081923920870508,44732.902672133,477.01352714965606,122126
719,709.0563950791692,3844085,42.89334968293606,98439.21542420896,14744.767275684577,30370
720,3681.2506284978567,880641,15.90040480210551,40175.08839380546,4247.151515004799,141558
721,4697.868238423085,4566134,26.521694788785055,71803.45902324388,2745.2680498888544,195989
722,988.0420242117348,1654205,11.533843079809714,28909.985247568184,12805.926817502797,65284
723,425.83171009720974,1804597,36.9549525389768,37017.15447295242,6462.889588613129,37979
724,3731.4911815212895,3865689,35.00844894564205,19881.87277149857,1236.631551071821,49697
725,2914.9182545815684,2651331,14.500061202476129,35359.1744814401,2838.831714527391,170304
726,4224.961006115533,3227748,43.85303450856508,55176.514521643665,118.49539571222518,3726
727,784.8846454688186,935036,23.05877108988705,99185.5152169457,18074.150184159676,86036
728,3996.809828113462,2469822,18.16317909818338,66755.96959410678,589.8978784406479,81615
729,1087.9738682339482,4101070,11.854831525904096,20725.349486423092,4268.16981323927,55490
730,901.9141200419521,2488278,16.977560563199184,5451.182717563562,8383.629335689357,147817
731,904.9024098618654,2983791,5.991211455071765,13509.29165013655,7195.7693864213,54244
732,4091.4161291337723,4280413,31.246587160525202,56692.96492603169,18243.34495056424,144554
733,3359.4663814113806,3596605,42.900383585477655,76750.87255285986,901.7500201173881,4125
734,2663.020581368685,1405487,29.704120224873883,94101.50152277395,10293.072682773327,174398
735,1858.2693722051622,408623,14.867328286574407,2566.4940276852612,13641.541304235043,79480
736,4398.28264998423,3747371,6.515113019624272,52753.25401462511,18640.78967625526,119010
737,2022.9810263709135,3396903,14.658263296646128,47615.8682660945,12445.387917262049,96155
738,4101.3372534107275,2368115,23.725464263199154,65949.44717559469,16094.729196634078,126289
739,2251.7610519940704,1290402,39.18251429149084,56398.30659206885,1766.126263122433,134615
740,1947.027704182047,1247116,13.452928364199835,69016.87590766557,7780.196267644855,21495
741,2367.1309497810716,3056566,37.390615400960876,66150.17589016983,7541.547976133443,10825
742,1576.7515834042963,3872763,44.01200607583476,12584.160760936673,17737.13550746878,33561
743,3763.2859628636306,410375,25.42760816487607,80172.07344825324,3112.286308139171,41215
744,2563.329911453148,2226453,41.9644396239167,13200.02499591616,3122.534829498942,110184
745,1237.8422062194047,1371300,29.959580661579302,70154.53189570457,6638.307182727389,83832
746,4507.915409045386,3759731,33.66908766864073,42198.39139642006,1183.8743426000678,79657
747,1981.0669847287359,4488087,28.682530715219123,51871.22272308319,3730.915008984552,71360
748,2763.409019458544,3942411,25.842772253810377,90426.50342319535,19307.67180706013,159862
749,4541.71334372628,1115416,15.55940487991322,89098.48892087517,8620.860403356739,1507
750,3158.7661799785615,4963059,18.643732675747074,81967.77425984792,12677.182247606484,73668
751,672.800399470984,2414181,18.048655352462404,51504.689665176,14549.614060958274,58660
752,4705.177405706028,3504231,30.348001892921662,73887.74120324948,7402.531999443289,178512
753,3175.7694600499476,3365696,10.397916186075047,51776.80849636213,3029.8187807692875,148966
754,1741.037511819722,4672148,46.25562608160508,87091.00216500297,4210.9622228134385,151053
755,782.4331560505975,4305003,37.429481537740095,40874.80749005709,6334.0028839541465,180875
756,3990.72342742445,3441861,23.065053391093713,97053.2990970728,12757.76156500929,175526
757,3138.356504049716,4828307,12.138086503687008,93299.95306465888,8025.7829268721825,91388
758,2713.9593506839756,2715804,44.68964763747361,74418.65932572677,235.61248821254958,119120
759,4480.073656949692,4412717,42.07001405455244,28662.172533431127,10515.80298284269,99401
760,3964.1263350002005,2082243,37.47746987227307,14033.70529053258,18438.116498957617,14490
761,843.2069106904808,1792128,17.219617133505906,85615.64155922655,16260.344459072712,27407
762,1627.4381321981864,3513654,23.1100986845151,17364.926327658166,16521.70628806666,24602
763,1317.5967850908821,3370209,9.623671360359051,85571.81811073623,15921.65455036201,22586
764,3745.336833606117,315400,13.506778612738927,49585.73566452369,6542.243429647431,111913
765,264.308930205319,2757025,40.23574867925298,41249.12159700232,15327.3572917124,169430
766,2892.459455869451,3424664,37.17674234828077,90415.88710460848,2948.9110204427407,188888
767,3836.047560129384,4686440,31.706859333917063,60781.24727148751,13188.551330791475,104020
768,4396.151620132572,3694058,45.30770266667778,58084.78670584206,12867.214477031388,82868
769,1776.2005687079466,4684258,31.246993301587043,56317.82851781537,608.8390018857199,141920
770,4124.160792892862,2235219,26.01355999836248,37745.782085933606,15780.605658459539,62885
771,642.0955110805154,1846621,20.31668358375932,78778.6672493836,18074.637291393097,76150
772,4247.616229499139,4312377,47.320182758127764,26027.045957561528,5421.564041594943,22838
773,724.6944454267139,4330339,8.722195768595906,93950.60104408623,16266.575411304402,74331
774,2046.7077237457995,1344625,46.88993174273638,89504.53529964911,1739.8788400527692,73706
775,4006.747292319813,333782,42.202159696895826,34410.55224181492,12039.360379395213,41762
776,834.5953940089915,4909109,10.846846604106558,73216.91321333472,9764.372620152115,118413
777,1223.3318366399433,3835466,30.42429609538641,57749.09625050955,10963.8783128491,15223
778,3639.0375851260246,1683246,43.99465917870891,34427.280897924225,18531.483517498466,156788
779,3628.1790290757644,826331,30.73141236232192,98863.64315154923,17439.173420212384,11282
780,3241.623401137957,1894291,45.823991970228,3498.497238978156,15723.164779071165,90469
781,3500.34737788879,3998606,47.43427175672191,26011.95703150738,5546.599307799583,193185
782,2759.3497724032213,3082448,24.007303498293766,52487.33205000389,18245.190710853225,162503
783,1333.8153886440684,4961993,21.979114763284564,52673.34734437783,2040.4030800311175,177270
784,1793.9103681692052,2978117,47.13445192861206,59304.374419610846,17081.25140951988,26228
785,989.8288123269858,4581617,35.38130275173506,75415.94103026901,6630.385439836795,31656
786,4551.407750534779,4381772,10.221020660667618,62724.305221410345,1170.0690020734692,153048
787,2958.61979435399,2143037,6.903128715020654,60427.86459227566,13420.20398639089,140121
788,2064.1719421418356,4486007,30.408307294876842,6297.931828391286,4702.470573487513,52062
789,2363.8284378562503,3833149,46.85769344472911,38276.49849114053,4947.065404706175,90154
790,4741.688364097895,3187821,42.99119160826183,23973.518230414444,6190.338607952553,24199
791,851.421875268793,2904802,35.41314859089514,27271.641048595568,1367.3268733000828,143888
792,2972.5261768823066,4257263,11.260213200098939,55879.40995969414,3624.8301695452556,183783
793,2578.8545265338835,4588198,16.4404122686913,20751.026178031236,202.27858895265,170057
794,3096.1257536297744,1713325,44.39800519486773,30100.961000672854,8963.649470005157,53244
795,188.73990072211848,3712744,13.22632564956052,24471.38614321667,1776.6820106176287,196392
796,4373.407153826342,1226798,17.529773371269556,94901.79137860128,13684.78684037956,7937
797,4667.379584169701,2833460,10.832029303794888,94521.90748493842,4788.894738713803,180527
798,2869.152599587124,4215362,35.4248704136485,61384.21430100912,18877.125466300025,178471
799,3513.589036996772,1803377,47.479203741344435,92527.72440445809,17437.907385233186,150331
800,4620.246967768749,1352557,17.103561421792367,78795.45190136894,5859.873809867344,125312
801,3565.469308135653,4398515,26.393297353253317,59404.84039737907,15685.987547667906,116780
802,847.4413102798806,3432049,33.5452882870042,1637.0859381827754,16084.573602829645,106902
803,2923.8129648173845,1590687,49.97598116970338,77479.112321861,19732.605970876768,102513
804,3072.903727275994,4781993,9.716362924890745,70546.34581725842,11997.01573822913,51112
805,2178.2402893816916,1023160,27.43568597775691,61910.111674958986,1731.1181194088776,130293
806,3708.576754561142,4157025,22.3304053956125,76282.0068565647,12972.060855634982,190477
807,4678.398372368173,3702684,43.96190743500598,51779.29431270181,12537.0969926831,148278
808,4635.285713243204,3047893,26.418547895524515,70704.24386081257,12803.176490666592,58223
809,2309.1129198802473,3888963,9.993988606331664,93582.03658592283,6212.198397273809,111925
810,654.8664246197008,3974910,33.549086537896265,38204.69656876254,17207.623743098626,8820
811,4925.721874915439,3251629,39.68512782187459,71104.06165516192,19193.496440812698,168833
812,4210.600623585077,2359776,5.1296563249526566,48093.09398308492,4432.479008265215,152292
813,710.8471378960076,3468045,43.65305084392833,67765.56552958417,1854.2279469192247,150962
814,4612.125224825124,4987349,13.371035000254953,76526.44021988205,3971.2471600528334,58755
815,4362.492174104428,4440092,29.843121409402002,5499.7975431438,16428.9875711888,190815
816,2642.306479917753,4932691,23.710887530935256,65013.44395091753,13565.228232914966,93548
817,2997.249635150153,2732578,37.384421747473866,23447.377256287513,12757.34211254862,178546
818,2055.1132489636384,1068616,21.702272665358382,67333.2212429491,8095.683388677548,174079
819,368.3320302279535,4317733,44.13934295067698,47364.68840744753,11598.77663307757,181243
820,1742.4664840649145,1350956,37.87233624314556,77581.72144462384,6226.695092959912,120607
821,4033.981898130256,1590036,34.14709269783147,13216.680705354047,9596.28158041743,34912
822,122.696912722554,2969729,40.830826800328445,63005.91281396332,15881.954264576052,49670
823,1734.1459412866066,1909377,38.931036571777206,28568.60216382768,19626.707789363696,51001
824,2051.026598595622,1165923,6.6172403714699,85445.21753772856,18656.529579437058,60286
825,2733.238454395822,1820856,22.763045923017266,92909.96705799444,18683.932262640352,122166
826,4607.292520422527,656110,46.886328379242045,99643.43107422648,8104.2523234575365,128464
827,1797.09537239321,1064163,10.65759210465018,79804.73284030105,9428.918622085139,181423
828,1800.0706892915157,3112539,38.169344769442304,75619.67297237246,14142.144387742732,196343
829,3713.7561157377672,4302271,48.856631510089834,22334.575127887554,18451.619368220556,36260
830,2315.8679103600552,4142879,7.348938307023723,34264.69884002076,2925.6857611064847,19256
831,1200.5636324059117,3781887,35.69872462819747,47102.571634465676,6154.413090161195,76308
832,2316.953629050198,2422523,26.066936358546368,77564.72373044273,2871.0122074227793,149101
833,790.1993998610193,3975358,31.062886491862496,91581.62064271889,12278.969746193161,197778
834,964.2962338804942,1313261,8.84036014179462,19724.77090227548,6195.389838061997,193731
835,2542.0020864234507,4846771,6.935312834012277,92314.38098234018,6589.546265000212,185377
836,2152.7347025722847,351537,35.00899972479148,69866.84058305174,1511.2275938107869,199647
837,4582.74491523369,1856124,42.048924341932306,61466.30233781882,7060.941629971079,195513
838,1875.7301056715023,941531,40.190690071983525,20784.28585691201,17263.68049729155,95477
839,2944.8829163624127,964645,29.47125775398068,6496.978248105905,4738.148956627616,42963
840,3198.0950108056986,1528127,9.494006951128018,57278.024952286054,13934.230577580307,65539
841,164.1628372828348,571082,35.96199997262062,65500.05264956035,12629.604064277994,138366
842,3351.333122881882,2021277,15.884999759936568,21867.363486114136,17283.343706545395,121461
843,972.3762376617819,4354849,45.998091624532265,56089.16437672018,2732.530158255661,197386
844,4809.24455560033,3547794,42.72194117955672,85792.84687349478,19554.04021086636,96276
845,828.4473659902535,1715777,36.922233518932586,83671.52860004698,11694.310056203274,29877
846,2131.6582062624166,3604905,47.69806801240087,92808.16287804343,19909.935631701606,157355
847,518.2133735853549,3612664,6.413981968007282,37222.69514613116,18239.14304473043,158617
848,4984.683834045142,1073181,38.12901912773429,32486.90768254095,4508.193715050806,198210
849,2560.7555506230888,3216810,19.86092507013824,75193.17459210005,1217.6239970759307,87301
850,3017.3865848682144,1591633,45.772964855886435,43680.12810460349,5187.217966527694,147370
851,428.6747392032947,4995996,17.000383849788992,9667.31773875028,10598.516615088456,152583
852,3774.806304955971,1633854,37.618542469175765,28997.311936379472,3514.767704597281,181749
853,1128.5374061683701,2161774,44.494115884285165,42439.64626761743,3432.4489159079712,15967
854,4500.466018259497,2890358,6.874556827220709,29959.126122148948,9305.611587392546,62601
855,1105.184238361835,3960562,22.894141081641624,33888.35152378484,762.0326262702326,145438
856,1034.3698312519662,3290664,39.30390644098724,30083.814711264684,2525.5728423921823,39522
857,279.0933724556649,1865524,25.471350027841417,5108.417551124865,8375.640654218156,166380
858,2413.128031038996,1350632,17.02636834071179,64072.37538161981,1356.2851932385327,121644
859,2867.7215529868204,2422621,14.891240697043552,60131.949614993464,7995.425623465034,162385
860,421.9723331989266,237478,10.918322011237006,65684.96634938937,9532.724692374057,138539
861,3900.0853218055518,3343087,43.5708301935327,20038.67970732912,9080.205620054976,35462
862,2321.1152902653353,1009711,30.89099314632002,30269.799619636044,17396.579662321437,51688
863,2669.512319705142,3811584,8.437322524615519,62341.976767547305,10648.242855529475,169457
864,2259.7374599973177,1719715,22.216114560678594,60363.129277532214,9412.811203313064,126783
865,2063.7389982890973,2690310,21.548014286229947,51126.70062607251,8273.113983294157,36407
866,2842.2376234102676,1727687,13.178263581925835,35690.911751009546,16370.705228259274,80380
867,860.6772050604912,1060612,24.597843146248582,91380.1694726943,17911.62641959668,151039
868,991.4478394268285,527387,19.94447144269114,34637.25398758554,17079.52513702264,56623
869,4322.749542966235,3746259,20.381166747148214,46106.29648728791,13503.576904814678,137550
870,4735.965764454801,1644613,38.25619510045814,68133.26926446667,2833.498744776617,107769
871,1929.2156497707895,1397638,15.046852347733834,54759.12165580965,5609.712392891044,159098
872,1426.6488984034136,4729988,33.88369814849099,35341.71166007417,1016.654967271351,103315
873,3255.597761871177,2254174,30.67923307464207,44128.83425519447,18623.39909230327,98807
874,2102.7974383806722,2530525,30.564163055204027,79653.6009674971,13249.890740849116,144352
875,224.39314273568982,3195010,34.83533057637992,28534.786393174632,14952.621397833505,92937
876,865.1477270943327,2556070,29.67719162880443,15083.268737904727,6300.277617686356,118170
877,3608.263921352248,589626,44.56648016808731,32003.15698114793,16928.505093319112,168103
878,3328.7273153597416,388859,35.40110413776169,85103.88733330223,5266.105345798723,155186
879,232.77036326706911,4849766,29.613346311712466,9809.981770778319,132.71076653774873,79972
880,1187.6635934714523,1646236,42.33934041294402,99177.91126387272,7590.65775416181,189674
881,1232.2665032815498,4101412,32.27659542200659,54559.28699383859,11458.153471085561,87836
882,3392.2744436337694,2390870,18.101491150333054,98499.72865274231,9626.226673513898,5570
883,196.58163499638437,694305,14.319271317945704,93960.64578651178,17255.31523727428,146125
884,610.1320517244119,4357341,11.854750354820546,45828.55770688076,2197.5651905277223,169679
885,4019.588818328628,3859834,45.47548456457457,20650.61638592956,11121.086468611138,93069
886,974.8688440662347,2727988,36.95609443091296,17323.59287994871,10308.289061436059,91593
887,3298.455928474186,304366,47.182029717394435,24758.947023125795,5699.720345226044,6623
888,1267.09562712896,602420,32.14813125717244,71303.13141588919,16462.33944028251,188362
889,587.2628245207914,2351401,26.303039667271065,28022.049478417295,15081.688252055905,178933
890,1291.543735897325,1779161,7.68724200369002,34801.10169082553,14683.897827903436,31269
891,3639.10796609273,1138199,35.223902669571345,45429.10159546686,17536.230317564165,45741
892,4292.9126937208,760902,31.199394189570402,91410.03536172418,14483.41355236827,154162
893,4168.077336378259,1638112,49.55940021144296,19749.948370599763,4713.641705123056,29761
894,2046.1992951304287,1826676,15.762145000200936,1497.6287083705083,14140.697961828853,144591
895,3373.6171691961663,1470073,28.883180987907615,6949.544627438845,6223.285986457892,14557
896,1104.4230475375227,4253585,34.29308008031327,90571.86782633167,4919.275541914664,67700
897,1536.423878278965,1785996,34.00660286340546,65104.13001949295,1552.7714987025838,103719
898,4492.045510753487,3346417,30.25820943267812,28031.02131345287,14906.168748918766,76202
899,163.70942520260658,802436,39.961760464725145,18542.05760010792,14248.919142801244,33185
900,518.9918011868936,2643788,14.22415442870674,30132.40692707432,4766.539605714465,97164
901,1118.6426502155339,1452144,37.653224012348716,12364.89579787673,15012.642432810704,181826
902,230.0077989817166,1651330,32.88805571448901,94211.75811815966,18365.033573561705,137302
903,989.0336319400068,1071248,45.3233800307558,78636.41126216142,2249.7762540824274,105823
904,2956.903648751492,4757851,43.123749756511174,46776.726514341535,4729.469103896821,133214
905,2164.98029790324,2707411,19.181616760964896,86631.29790640499,15030.189802337578,70234
906,4474.091384277177,1793439,17.430679623881886,25696.362225029996,5562.682802790857,43082
907,4105.47345251836,1931094,49.174399573360155,71994.93627874716,12530.813088245965,65285
908,1774.9050233195921,3537172,28.726933141186546,85757.1174023606,1715.168066827919,33577
909,1371.1748238133332,1159325,45.78894337614966,36320.10245070399,9098.82933416042,114261
910,1960.4928000196078,2063571,12.374646070121699,75988.98009962105,14807.919297659766,52809
911,2992.445218322558,4519323,33.92685116600784,30212.162577166626,13761.627466560725,159888
912,1413.5118400320937,697218,41.443708431226376,30586.856390644047,16319.934803448556,78237
913,3158.3296484607567,3915144,47.63278623139011,11598.66067686442,17561.29731940306,36118
914,2106.1170957370778,3536252,20.180306345766056,44565.746604430475,15486.351675049289,139233
915,2805.031186174703,917052,37.62415264658236,73241.4787432448,13464.596084484627,139781
916,2237.019992763052,2085957,29.246585406782856,94081.8597515572,731.2775871390199,35471
917,1542.8822217553966,1528080,7.728301672991069,60775.90220098051,10745.836800847936,83121
918,4747.421204114567,1201928,36.04998817890245,86450.41823583817,850.1847258055706,151977
919,3841.668391382828,2621279,36.054345120702955,82426.97027973249,16180.54956060885,7957
920,786.5545612556175,2200343,46.87730621809416,18160.962244552804,6482.418036753156,142792
921,4355.493081899773,4196392,27.379060077603757,49095.92546235052,11292.344544946627,8277
922,2488.4128714226167,2826016,15.36129143197316,12575.430017013756,5660.961615646162,161283
923,4483.305911781048,1344289,7.005372055190562,68533.16299460187,15671.752873167843,88678
924,4019.2907541418444,542939,23.703898400865757,95040.06715636152,17741.40028017386,90041
925,2183.5461718992437,1152207,18.58625150348758,14571.856349796893,8032.985634839973,11926
926,210.09961076857525,3382972,39.248973771074404,73654.42994945159,17272.15563086868,145062
927,1416.519060986236,404224,20.942049417847098,63591.57693591823,5414.792648381014,82528
928,2754.007651838248,4514473,47.708203834167975,58776.898663801876,10739.752369202924,126144
929,3204.0432771481214,2811793,48.30395913445029,39621.90323414558,17189.35245379021,189203
930,1363.6496586226913,4847263,32.940886559796866,36158.033127627445,6585.038718054228,75120
931,782.8447629568383,2419124,46.78971291566973,5479.669712869898,19085.441075053906,5595
932,4191.158160316565,4023227,39.238445503152306,22572.962116949333,2525.4020854495343,28581
933,4923.570685447406,2173290,29.608683843880677,2502.5113463958633,463.673887497774,142439
934,2675.8818932831605,2618970,13.113857094025015,58560.29345262003,18092.293516305996,117997
935,941.2285006566872,3989877,25.6369074581228,11479.470351912976,1466.1084563426575,137915
936,1434.3058999449079,1827408,30.23935085131779,87428.92000894189,19838.594999355086,185972
937,190.11431508258698,2901742,43.87827113307546,52791.159049019356,19032.79755338421,103575
938,4580.064152146445,3188272,26.66000194410492,70269.30099681213,2826.7161097227813,179945
939,676.9803061616916,1155675,45.39536027050805,41674.85209220915,10797.93405128206,57142
940,2924.9307300198425,3664375,35.3457040560561,56497.40109110381,3779.913919596172,49576
941,1442.8705813673093,1065188,11.164957837415212,94323.25851969642,8620.287943299385,28652
942,2815.4722123273878,4848703,49.77416161962918,9190.669922743406,1322.3600722706703,196414
943,3291.959902924135,2261088,28.72546973392607,26139.83942044592,4556.099297152132,176944
944,4165.734838165288,2420484,22.63362333840855,78218.8443641439,7329.128648338101,174902
945,1111.4642316269558,4205223,34.660119401128696,10774.983481383919,8829.08525489649,160120
946,153.87956042655435,2922988,9.900199129146758,8490.449286506973,19552.175538356976,69193
947,770.7395873371556,4019047,33.644239103900944,36792.598476649815,16176.526349111225,69223
948,4510.091345055715,3568792,27.420620022467283,10124.6278887708,14774.45789180773,16635
949,4382.061380056325,587510,23.30033314993624,58922.765778414105,10787.122163365288,66590
950,3027.324200634511,3675168,47.88590095305046,23401.249830843382,16815.955436026434,46662
951,3042.5326161249013,4155447,28.514287252942395,89674.09835673786,6852.524429548651,119142
952,3358.679705276652,1773879,14.86028657614723,78566.50800368041,14207.09234418899,89180
953,959.319265254903,1880752,25.65335657197844,70270.81540384814,19876.301110025626,189707
954,4580.618535032303,3393331,46.37243320577027,62077.458711065694,6361.115287810456,41369
955,2151.9755719711584,3864455,12.92429620987676,86483.10730380488,13512.94894419095,80774
956,1977.3787884225376,4435518,14.628066740970661,23083.14409273293,16901.86579663241,42562
957,2642.6967558859037,503082,5.5863305490687685,87437.77543365853,18324.57090867838,134299
958,330.13323719776974,301139,5.638552222809523,79159.73754398119,14386.860549708026,23247
959,914.7885069047891,4004722,42.32262321313306,75067.92181238087,5743.7976760010115,176700
960,3716.364720489215,2846866,37.94551730793301,56564.31212941748,6593.014816222035,77195
961,505.7134728331197,1307786,20.97684754033812,25378.17193608941,513.0848392668878,91025
962,3055.445336385302,192601,36.42400207524078,42931.24368319774,15241.630955663042,66481
963,1302.2106374384728,3275684,22.78426668394866,79563.49479934135,950.5181606328323,99568
964,2007.548508805685,3484068,47.880355819902235,4146.069951375121,17306.58185659464,63849
965,1514.5993101764293,729085,48.517370664171565,78423.02615711206,2461.346228043322,169844
966,1842.7963106782508,2059925,22.67571991142045,24767.003308269082,3520.3425915048924,13831
967,3623.324935402803,3109887,43.43998578533906,15286.6108714387,9582.876769561522,124747
968,1555.8964065535577,1618087,39.789006876385976,12454.430499849914,14783.820261857973,185684
969,2875.3827374547964,2113321,18.94999717273052,3697.751183130696,2866.143883461646,51124
970,2432.646970775588,2618638,15.44179230054977,52835.06203692384,8857.41439382332,116812
971,3351.988710276976,703103,25.62055926767752,22607.72739667922,9708.740360761085,101221
972,4690.465722691314,4333583,40.16069782764828,98953.74481218352,4324.484269204967,3932
973,3689.6032763302264,4666235,48.20755031279354,57869.23883134837,2399.6116959445717,32432
974,1153.207855094708,2089968,39.36105809899576,14650.641666245032,16744.776367414226,12567
975,252.7973618002949,2345854,43.48431432582665,69187.49154032517,10099.066430279034,41125
976,1385.093817069143,4739681,32.13789377767324,89876.6130844628,386.1865960846442,144279
977,3015.8818604312487,2716241,42.59335238789566,74772.77004159182,16079.327896051167,78094
978,351.9864860728267,2943586,40.2989386101538,8567.546242905319,19617.79672775024,94302
979,2532.1946112860583,1357008,21.964349386682603,89692.53393807329,12157.93128874352,43581
980,3024.529959692757,4170211,29.83956359543245,79599.00920013651,10123.796902973008,133753
981,1737.795065003108,3943688,41.21389048953627,16672.08611045582,17580.475674594738,75218
982,3877.4697983545275,3716984,7.072553038548037,6126.80298454887,19055.08411472351,124110
983,622.3314403554818,4417561,41.36356770601235,56173.74695611654,15115.284626458964,182810
984,468.17513050546296,4118365,13.004965582206054,16447.545322657716,8964.513301712328,123814
985,3668.124905397656,1103171,28.160762770464753,83624.50430693194,11885.205846695666,139590
986,2527.9074494103725,3000737,41.372394780017196,36475.1310104957,14048.613763858186,160285
987,3473.1717424959065,1470485,16.42194851705127,91376.35202892096,3966.044062935848,84463
988,2230.6539591583564,1781076,16.061334768776888,57003.12904195957,8999.300541107117,123707
989,1307.3699628716233,1711935,23.124397930801333,19084.566039727146,16613.44316787397,63144
990,4113.601356603578,212990,45.25892589099355,14820.28786862021,13129.034435119016,192202
991,4017.1378069479983,1081883,5.019925164674355,58070.77131821764,8282.960937515896,11914
992,3504.012707186691,1768321,45.562239348887076,76426.47757438195,13300.91442689216,99440
993,1433.5111724268172,3393705,11.92131610887235,78369.05912647603,2452.6260002419513,10124
994,2992.130267658527,1718702,49.55388692303669,28299.983039686846,8089.802450241039,194460
995,1868.7720950061314,1600071,47.96811468673106,21220.42913230458,15883.257905464821,109336
996,548.7521593005074,3859505,27.26038353160775,2658.8741447458588,4488.124864019295,57936
997,4594.83651976499,126806,28.072411151568268,68240.71596891577,3800.634000392612,7535
998,770.4112915029109,4709688,26.669720312413443,8580.25758492036,19021.291332336987,198256
999,4756.163033721932,4364423,33.59496405467851,42655.35897482665,4276.962828765991,70701
1000,2285.428287493983,1973722,9.082476600571898,60566.53423781131,5292.279735038344,120971
